{
  "created_at": "2026-04-25T08:29:22.396023",
  "row_count": 6,
  "test_once_policy": "frozen validation-selected configs; no test feedback used for config changes",
  "top_by_test_non_overlap_rmse": [
    {
      "dropout": 0.2,
      "eval_protocol": "non_overlap",
      "gate_b_passed": true,
      "gate_b_scope": "overfit64_preflight",
      "gate_c_passed": true,
      "gcn_depth": 3,
      "hidden_dim": 96,
      "horizon_weighted_rmse_proxy": 0.22844870521790672,
      "lead1_mae_pu": 0.04639734187827114,
      "lead1_rmse_pu": 0.0758923351420515,
      "learning_rate": 0.0005,
      "long_rmse_pu": 0.27077592562835595,
      "mae_pu": 0.17069508660851185,
      "mid_rmse_pu": 0.20159404840907152,
      "rmse_pu": 0.23285146494668826,
      "short_rmse_pu": 0.1551763576042294,
      "split_name": "test",
      "trial": "trial19_h96_do0p2_lr0p0005_gcn3"
    },
    {
      "dropout": 0.1,
      "eval_protocol": "non_overlap",
      "gate_b_passed": true,
      "gate_b_scope": "overfit64_preflight",
      "gate_c_passed": true,
      "gcn_depth": 3,
      "hidden_dim": 96,
      "horizon_weighted_rmse_proxy": 0.22844870521790672,
      "lead1_mae_pu": 0.04639734187827114,
      "lead1_rmse_pu": 0.0758923351420515,
      "learning_rate": 0.0005,
      "long_rmse_pu": 0.27077592562835595,
      "mae_pu": 0.17069508660851185,
      "mid_rmse_pu": 0.20159404840907152,
      "rmse_pu": 0.23285146494668826,
      "short_rmse_pu": 0.1551763576042294,
      "split_name": "test",
      "trial": "trial20_h96_do0p1_lr0p0005_gcn3"
    },
    {
      "dropout": 0.0,
      "eval_protocol": "non_overlap",
      "gate_b_passed": true,
      "gate_b_scope": "overfit64_preflight",
      "gate_c_passed": true,
      "gcn_depth": 3,
      "hidden_dim": 96,
      "horizon_weighted_rmse_proxy": 0.22844870521790672,
      "lead1_mae_pu": 0.04639734187827114,
      "lead1_rmse_pu": 0.0758923351420515,
      "learning_rate": 0.0005,
      "long_rmse_pu": 0.27077592562835595,
      "mae_pu": 0.17069508660851185,
      "mid_rmse_pu": 0.20159404840907152,
      "rmse_pu": 0.23285146494668826,
      "short_rmse_pu": 0.1551763576042294,
      "split_name": "test",
      "trial": "trial49_h96_do0p0_lr0p0005_gcn3"
    }
  ],
  "top_by_test_rolling_rmse": [
    {
      "dropout": 0.2,
      "eval_protocol": "rolling_origin_no_refit",
      "gate_b_passed": true,
      "gate_b_scope": "overfit64_preflight",
      "gate_c_passed": true,
      "gcn_depth": 3,
      "hidden_dim": 96,
      "horizon_weighted_rmse_proxy": 0.2305519031952797,
      "lead1_mae_pu": 0.052100593791124084,
      "lead1_rmse_pu": 0.08147234886459659,
      "learning_rate": 0.0005,
      "long_rmse_pu": 0.2681319851855475,
      "mae_pu": 0.17135553920275884,
      "mid_rmse_pu": 0.2100568722224335,
      "rmse_pu": 0.23421857654257217,
      "short_rmse_pu": 0.1588017191701687,
      "split_name": "test",
      "trial": "trial19_h96_do0p2_lr0p0005_gcn3"
    },
    {
      "dropout": 0.1,
      "eval_protocol": "rolling_origin_no_refit",
      "gate_b_passed": true,
      "gate_b_scope": "overfit64_preflight",
      "gate_c_passed": true,
      "gcn_depth": 3,
      "hidden_dim": 96,
      "horizon_weighted_rmse_proxy": 0.2305519031952797,
      "lead1_mae_pu": 0.052100593791124084,
      "lead1_rmse_pu": 0.08147234886459659,
      "learning_rate": 0.0005,
      "long_rmse_pu": 0.2681319851855475,
      "mae_pu": 0.17135553920275884,
      "mid_rmse_pu": 0.2100568722224335,
      "rmse_pu": 0.23421857654257217,
      "short_rmse_pu": 0.1588017191701687,
      "split_name": "test",
      "trial": "trial20_h96_do0p1_lr0p0005_gcn3"
    },
    {
      "dropout": 0.0,
      "eval_protocol": "rolling_origin_no_refit",
      "gate_b_passed": true,
      "gate_b_scope": "overfit64_preflight",
      "gate_c_passed": true,
      "gcn_depth": 3,
      "hidden_dim": 96,
      "horizon_weighted_rmse_proxy": 0.2305519031952797,
      "lead1_mae_pu": 0.052100593791124084,
      "lead1_rmse_pu": 0.08147234886459659,
      "learning_rate": 0.0005,
      "long_rmse_pu": 0.2681319851855475,
      "mae_pu": 0.17135553920275884,
      "mid_rmse_pu": 0.2100568722224335,
      "rmse_pu": 0.23421857654257217,
      "short_rmse_pu": 0.1588017191701687,
      "split_name": "test",
      "trial": "trial49_h96_do0p0_lr0p0005_gcn3"
    }
  ]
}
