label,eval_protocol,lead_step,lead_minutes,rmse_pu,mae_pu,source
State-space: Official canonical,rolling_origin_no_refit,1,10,0.07840029405525271,0.048482624178864654,experiment/artifacts/published/world_model_state_space_v1/latest.csv
State-space: Official canonical,rolling_origin_no_refit,2,20,0.09719442934026697,0.06067835610770907,experiment/artifacts/published/world_model_state_space_v1/latest.csv
State-space: Official canonical,rolling_origin_no_refit,3,30,0.1085253289337427,0.06813735258388681,experiment/artifacts/published/world_model_state_space_v1/latest.csv
State-space: Official canonical,rolling_origin_no_refit,4,40,0.11692250787669739,0.07380441826462464,experiment/artifacts/published/world_model_state_space_v1/latest.csv
State-space: Official canonical,rolling_origin_no_refit,5,50,0.1237459328298643,0.07849798302885397,experiment/artifacts/published/world_model_state_space_v1/latest.csv
State-space: Official canonical,rolling_origin_no_refit,6,60,0.1294615973946433,0.08251040490566149,experiment/artifacts/published/world_model_state_space_v1/latest.csv
State-space: Official canonical,rolling_origin_no_refit,7,70,0.1344271822024225,0.08619009495039397,experiment/artifacts/published/world_model_state_space_v1/latest.csv
State-space: Official canonical,rolling_origin_no_refit,8,80,0.13921647294677908,0.08962848847633434,experiment/artifacts/published/world_model_state_space_v1/latest.csv
State-space: Official canonical,rolling_origin_no_refit,9,90,0.14357343468318204,0.0927816634096436,experiment/artifacts/published/world_model_state_space_v1/latest.csv
State-space: Official canonical,rolling_origin_no_refit,10,100,0.14774195815628946,0.09579422319609641,experiment/artifacts/published/world_model_state_space_v1/latest.csv
State-space: Official canonical,rolling_origin_no_refit,11,110,0.15159110500066125,0.09858514699128128,experiment/artifacts/published/world_model_state_space_v1/latest.csv
State-space: Official canonical,rolling_origin_no_refit,12,120,0.15513618828372508,0.10116827881501207,experiment/artifacts/published/world_model_state_space_v1/latest.csv
State-space: Official canonical,rolling_origin_no_refit,13,130,0.15861970132448822,0.10369181952922081,experiment/artifacts/published/world_model_state_space_v1/latest.csv
State-space: Official canonical,rolling_origin_no_refit,14,140,0.16195513734224778,0.10608439112631704,experiment/artifacts/published/world_model_state_space_v1/latest.csv
State-space: Official canonical,rolling_origin_no_refit,15,150,0.16529861702132775,0.1085058061140698,experiment/artifacts/published/world_model_state_space_v1/latest.csv
State-space: Official canonical,rolling_origin_no_refit,16,160,0.1687124856520592,0.11086646390574502,experiment/artifacts/published/world_model_state_space_v1/latest.csv
State-space: Official canonical,rolling_origin_no_refit,17,170,0.17146957012192435,0.11304329552103401,experiment/artifacts/published/world_model_state_space_v1/latest.csv
State-space: Official canonical,rolling_origin_no_refit,18,180,0.17460619230449298,0.11530742563242083,experiment/artifacts/published/world_model_state_space_v1/latest.csv
State-space: Official canonical,rolling_origin_no_refit,19,190,0.1776879933667132,0.11756263692254507,experiment/artifacts/published/world_model_state_space_v1/latest.csv
State-space: Official canonical,rolling_origin_no_refit,20,200,0.18031229465760804,0.11970241037894068,experiment/artifacts/published/world_model_state_space_v1/latest.csv
State-space: Official canonical,rolling_origin_no_refit,21,210,0.18304661285250282,0.12173065827919666,experiment/artifacts/published/world_model_state_space_v1/latest.csv
State-space: Official canonical,rolling_origin_no_refit,22,220,0.1855815780506251,0.12377257166617159,experiment/artifacts/published/world_model_state_space_v1/latest.csv
State-space: Official canonical,rolling_origin_no_refit,23,230,0.18819681167211338,0.12585871988798802,experiment/artifacts/published/world_model_state_space_v1/latest.csv
State-space: Official canonical,rolling_origin_no_refit,24,240,0.19065265817357638,0.12770985473222604,experiment/artifacts/published/world_model_state_space_v1/latest.csv
State-space: Official canonical,rolling_origin_no_refit,25,250,0.1932115102826738,0.1295888467327701,experiment/artifacts/published/world_model_state_space_v1/latest.csv
State-space: Official canonical,rolling_origin_no_refit,26,260,0.19539472279955516,0.13139961187002572,experiment/artifacts/published/world_model_state_space_v1/latest.csv
State-space: Official canonical,rolling_origin_no_refit,27,270,0.19757814148836428,0.1331500492660966,experiment/artifacts/published/world_model_state_space_v1/latest.csv
State-space: Official canonical,rolling_origin_no_refit,28,280,0.19969719252657672,0.13490458977778097,experiment/artifacts/published/world_model_state_space_v1/latest.csv
State-space: Official canonical,rolling_origin_no_refit,29,290,0.2018394376969142,0.13647776457133762,experiment/artifacts/published/world_model_state_space_v1/latest.csv
State-space: Official canonical,rolling_origin_no_refit,30,300,0.20382667374443098,0.13806342358514465,experiment/artifacts/published/world_model_state_space_v1/latest.csv
State-space: Official canonical,rolling_origin_no_refit,31,310,0.20590388308518756,0.13969663608478272,experiment/artifacts/published/world_model_state_space_v1/latest.csv
State-space: Official canonical,rolling_origin_no_refit,32,320,0.20769736551110202,0.14115822877634718,experiment/artifacts/published/world_model_state_space_v1/latest.csv
State-space: Official canonical,rolling_origin_no_refit,33,330,0.20945230291196784,0.14262381178946534,experiment/artifacts/published/world_model_state_space_v1/latest.csv
State-space: Official canonical,rolling_origin_no_refit,34,340,0.21146195117653918,0.14415067254656153,experiment/artifacts/published/world_model_state_space_v1/latest.csv
State-space: Official canonical,rolling_origin_no_refit,35,350,0.21325189260085356,0.14556658680302456,experiment/artifacts/published/world_model_state_space_v1/latest.csv
State-space: Official canonical,rolling_origin_no_refit,36,360,0.21496418221306415,0.1469570214401503,experiment/artifacts/published/world_model_state_space_v1/latest.csv
State-space: Official canonical,non_overlap,1,10,0.07758719508530151,0.048351259967971925,experiment/artifacts/published/world_model_state_space_v1/latest.csv
State-space: Official canonical,non_overlap,2,20,0.09839155341224409,0.06128193881636291,experiment/artifacts/published/world_model_state_space_v1/latest.csv
State-space: Official canonical,non_overlap,3,30,0.10794106231387988,0.06749974045456882,experiment/artifacts/published/world_model_state_space_v1/latest.csv
State-space: Official canonical,non_overlap,4,40,0.11574586611936649,0.07323901322769459,experiment/artifacts/published/world_model_state_space_v1/latest.csv
State-space: Official canonical,non_overlap,5,50,0.12179338108401859,0.07782774728538507,experiment/artifacts/published/world_model_state_space_v1/latest.csv
State-space: Official canonical,non_overlap,6,60,0.1286351769812713,0.08282435505033717,experiment/artifacts/published/world_model_state_space_v1/latest.csv
State-space: Official canonical,non_overlap,7,70,0.13294368045514512,0.08559406918653104,experiment/artifacts/published/world_model_state_space_v1/latest.csv
State-space: Official canonical,non_overlap,8,80,0.13663463326937628,0.08901731141753157,experiment/artifacts/published/world_model_state_space_v1/latest.csv
State-space: Official canonical,non_overlap,9,90,0.13978431928471688,0.09142954745436052,experiment/artifacts/published/world_model_state_space_v1/latest.csv
State-space: Official canonical,non_overlap,10,100,0.14529056133681567,0.09523179952820139,experiment/artifacts/published/world_model_state_space_v1/latest.csv
State-space: Official canonical,non_overlap,11,110,0.15335999986123894,0.09964715281625462,experiment/artifacts/published/world_model_state_space_v1/latest.csv
State-space: Official canonical,non_overlap,12,120,0.15684695338012616,0.10255000228166261,experiment/artifacts/published/world_model_state_space_v1/latest.csv
State-space: Official canonical,non_overlap,13,130,0.15914850962850158,0.10432863013207413,experiment/artifacts/published/world_model_state_space_v1/latest.csv
State-space: Official canonical,non_overlap,14,140,0.1619374646567894,0.10578809959830604,experiment/artifacts/published/world_model_state_space_v1/latest.csv
State-space: Official canonical,non_overlap,15,150,0.16413384330350347,0.10783166350480071,experiment/artifacts/published/world_model_state_space_v1/latest.csv
State-space: Official canonical,non_overlap,16,160,0.1659947076710935,0.10946978595411709,experiment/artifacts/published/world_model_state_space_v1/latest.csv
State-space: Official canonical,non_overlap,17,170,0.17061499201131386,0.11172189562656085,experiment/artifacts/published/world_model_state_space_v1/latest.csv
State-space: Official canonical,non_overlap,18,180,0.17407868461151943,0.11380883094213919,experiment/artifacts/published/world_model_state_space_v1/latest.csv
State-space: Official canonical,non_overlap,19,190,0.17695575014109607,0.11669204587121718,experiment/artifacts/published/world_model_state_space_v1/latest.csv
State-space: Official canonical,non_overlap,20,200,0.1799340063592187,0.1186707509615327,experiment/artifacts/published/world_model_state_space_v1/latest.csv
State-space: Official canonical,non_overlap,21,210,0.181769980619283,0.12002777683300202,experiment/artifacts/published/world_model_state_space_v1/latest.csv
State-space: Official canonical,non_overlap,22,220,0.18488158304410543,0.122728126724754,experiment/artifacts/published/world_model_state_space_v1/latest.csv
State-space: Official canonical,non_overlap,23,230,0.18581005234876546,0.12363104614944039,experiment/artifacts/published/world_model_state_space_v1/latest.csv
State-space: Official canonical,non_overlap,24,240,0.188345450471712,0.1258674060375052,experiment/artifacts/published/world_model_state_space_v1/latest.csv
State-space: Official canonical,non_overlap,25,250,0.19308682874945576,0.12943021897437115,experiment/artifacts/published/world_model_state_space_v1/latest.csv
State-space: Official canonical,non_overlap,26,260,0.19228914202656766,0.12981723421121882,experiment/artifacts/published/world_model_state_space_v1/latest.csv
State-space: Official canonical,non_overlap,27,270,0.19781279889211867,0.13389170793082208,experiment/artifacts/published/world_model_state_space_v1/latest.csv
State-space: Official canonical,non_overlap,28,280,0.20010893738668112,0.13525843318966968,experiment/artifacts/published/world_model_state_space_v1/latest.csv
State-space: Official canonical,non_overlap,29,290,0.20368294897471803,0.13765083342201023,experiment/artifacts/published/world_model_state_space_v1/latest.csv
State-space: Official canonical,non_overlap,30,300,0.20522673969417232,0.13927363290268152,experiment/artifacts/published/world_model_state_space_v1/latest.csv
State-space: Official canonical,non_overlap,31,310,0.2067352888202984,0.14025567554083468,experiment/artifacts/published/world_model_state_space_v1/latest.csv
State-space: Official canonical,non_overlap,32,320,0.20757441169934787,0.14133718162318415,experiment/artifacts/published/world_model_state_space_v1/latest.csv
State-space: Official canonical,non_overlap,33,330,0.20952105628239512,0.14238565412432588,experiment/artifacts/published/world_model_state_space_v1/latest.csv
State-space: Official canonical,non_overlap,34,340,0.2101326499970323,0.14338140273362063,experiment/artifacts/published/world_model_state_space_v1/latest.csv
State-space: Official canonical,non_overlap,35,350,0.21264104509754123,0.14508109414175654,experiment/artifacts/published/world_model_state_space_v1/latest.csv
State-space: Official canonical,non_overlap,36,360,0.21317499757629035,0.1453592275214224,experiment/artifacts/published/world_model_state_space_v1/latest.csv
State-space: Residual scratch (farm=0.05),rolling_origin_no_refit,1,10,0.07399099885703433,0.04635350231514642,experiment/artifacts/scratch/world_model_state_space_v1/residual_head_plan_20260419_farm0p05/train_outputs/repro_residual_farm0p05_val_rmse_pu.csv
State-space: Residual scratch (farm=0.05),rolling_origin_no_refit,2,20,0.09457173580213933,0.05912524383804567,experiment/artifacts/scratch/world_model_state_space_v1/residual_head_plan_20260419_farm0p05/train_outputs/repro_residual_farm0p05_val_rmse_pu.csv
State-space: Residual scratch (farm=0.05),rolling_origin_no_refit,3,30,0.10632349184524693,0.06676296477282591,experiment/artifacts/scratch/world_model_state_space_v1/residual_head_plan_20260419_farm0p05/train_outputs/repro_residual_farm0p05_val_rmse_pu.csv
State-space: Residual scratch (farm=0.05),rolling_origin_no_refit,4,40,0.11481273703798864,0.07252005310384059,experiment/artifacts/scratch/world_model_state_space_v1/residual_head_plan_20260419_farm0p05/train_outputs/repro_residual_farm0p05_val_rmse_pu.csv
State-space: Residual scratch (farm=0.05),rolling_origin_no_refit,5,50,0.12135275889930214,0.07729913109695417,experiment/artifacts/scratch/world_model_state_space_v1/residual_head_plan_20260419_farm0p05/train_outputs/repro_residual_farm0p05_val_rmse_pu.csv
State-space: Residual scratch (farm=0.05),rolling_origin_no_refit,6,60,0.12714145144127129,0.0813031267226876,experiment/artifacts/scratch/world_model_state_space_v1/residual_head_plan_20260419_farm0p05/train_outputs/repro_residual_farm0p05_val_rmse_pu.csv
State-space: Residual scratch (farm=0.05),rolling_origin_no_refit,7,70,0.13210641720042215,0.0850698117887122,experiment/artifacts/scratch/world_model_state_space_v1/residual_head_plan_20260419_farm0p05/train_outputs/repro_residual_farm0p05_val_rmse_pu.csv
State-space: Residual scratch (farm=0.05),rolling_origin_no_refit,8,80,0.13694348900096115,0.08843127405313791,experiment/artifacts/scratch/world_model_state_space_v1/residual_head_plan_20260419_farm0p05/train_outputs/repro_residual_farm0p05_val_rmse_pu.csv
State-space: Residual scratch (farm=0.05),rolling_origin_no_refit,9,90,0.14114696546146013,0.09153577649360713,experiment/artifacts/scratch/world_model_state_space_v1/residual_head_plan_20260419_farm0p05/train_outputs/repro_residual_farm0p05_val_rmse_pu.csv
State-space: Residual scratch (farm=0.05),rolling_origin_no_refit,10,100,0.14500157620656873,0.09447634440059531,experiment/artifacts/scratch/world_model_state_space_v1/residual_head_plan_20260419_farm0p05/train_outputs/repro_residual_farm0p05_val_rmse_pu.csv
State-space: Residual scratch (farm=0.05),rolling_origin_no_refit,11,110,0.14897704541513596,0.09715754626647781,experiment/artifacts/scratch/world_model_state_space_v1/residual_head_plan_20260419_farm0p05/train_outputs/repro_residual_farm0p05_val_rmse_pu.csv
State-space: Residual scratch (farm=0.05),rolling_origin_no_refit,12,120,0.1525453322508191,0.09975837837743601,experiment/artifacts/scratch/world_model_state_space_v1/residual_head_plan_20260419_farm0p05/train_outputs/repro_residual_farm0p05_val_rmse_pu.csv
State-space: Residual scratch (farm=0.05),rolling_origin_no_refit,13,130,0.15585777823452082,0.1022176940398028,experiment/artifacts/scratch/world_model_state_space_v1/residual_head_plan_20260419_farm0p05/train_outputs/repro_residual_farm0p05_val_rmse_pu.csv
State-space: Residual scratch (farm=0.05),rolling_origin_no_refit,14,140,0.15932637520010745,0.10457898651083405,experiment/artifacts/scratch/world_model_state_space_v1/residual_head_plan_20260419_farm0p05/train_outputs/repro_residual_farm0p05_val_rmse_pu.csv
State-space: Residual scratch (farm=0.05),rolling_origin_no_refit,15,150,0.16260347004983214,0.10687216027281482,experiment/artifacts/scratch/world_model_state_space_v1/residual_head_plan_20260419_farm0p05/train_outputs/repro_residual_farm0p05_val_rmse_pu.csv
State-space: Residual scratch (farm=0.05),rolling_origin_no_refit,16,160,0.1656075996141935,0.10900326939514815,experiment/artifacts/scratch/world_model_state_space_v1/residual_head_plan_20260419_farm0p05/train_outputs/repro_residual_farm0p05_val_rmse_pu.csv
State-space: Residual scratch (farm=0.05),rolling_origin_no_refit,17,170,0.1683004452239637,0.11119799958696985,experiment/artifacts/scratch/world_model_state_space_v1/residual_head_plan_20260419_farm0p05/train_outputs/repro_residual_farm0p05_val_rmse_pu.csv
State-space: Residual scratch (farm=0.05),rolling_origin_no_refit,18,180,0.1713381007213285,0.11336374560272824,experiment/artifacts/scratch/world_model_state_space_v1/residual_head_plan_20260419_farm0p05/train_outputs/repro_residual_farm0p05_val_rmse_pu.csv
State-space: Residual scratch (farm=0.05),rolling_origin_no_refit,19,190,0.17402543093224632,0.11546923344978945,experiment/artifacts/scratch/world_model_state_space_v1/residual_head_plan_20260419_farm0p05/train_outputs/repro_residual_farm0p05_val_rmse_pu.csv
State-space: Residual scratch (farm=0.05),rolling_origin_no_refit,20,200,0.17670846973688786,0.11751691673084459,experiment/artifacts/scratch/world_model_state_space_v1/residual_head_plan_20260419_farm0p05/train_outputs/repro_residual_farm0p05_val_rmse_pu.csv
State-space: Residual scratch (farm=0.05),rolling_origin_no_refit,21,210,0.1794204705211945,0.11947560712227276,experiment/artifacts/scratch/world_model_state_space_v1/residual_head_plan_20260419_farm0p05/train_outputs/repro_residual_farm0p05_val_rmse_pu.csv
State-space: Residual scratch (farm=0.05),rolling_origin_no_refit,22,220,0.18177340774655992,0.12142161253504173,experiment/artifacts/scratch/world_model_state_space_v1/residual_head_plan_20260419_farm0p05/train_outputs/repro_residual_farm0p05_val_rmse_pu.csv
State-space: Residual scratch (farm=0.05),rolling_origin_no_refit,23,230,0.18431673650674213,0.12331716673732894,experiment/artifacts/scratch/world_model_state_space_v1/residual_head_plan_20260419_farm0p05/train_outputs/repro_residual_farm0p05_val_rmse_pu.csv
State-space: Residual scratch (farm=0.05),rolling_origin_no_refit,24,240,0.18648769606433682,0.12520074501138054,experiment/artifacts/scratch/world_model_state_space_v1/residual_head_plan_20260419_farm0p05/train_outputs/repro_residual_farm0p05_val_rmse_pu.csv
State-space: Residual scratch (farm=0.05),rolling_origin_no_refit,25,250,0.18896201541752028,0.12691331382790633,experiment/artifacts/scratch/world_model_state_space_v1/residual_head_plan_20260419_farm0p05/train_outputs/repro_residual_farm0p05_val_rmse_pu.csv
State-space: Residual scratch (farm=0.05),rolling_origin_no_refit,26,260,0.1910154819225608,0.12869031102874443,experiment/artifacts/scratch/world_model_state_space_v1/residual_head_plan_20260419_farm0p05/train_outputs/repro_residual_farm0p05_val_rmse_pu.csv
State-space: Residual scratch (farm=0.05),rolling_origin_no_refit,27,270,0.19327445750060926,0.130319317938209,experiment/artifacts/scratch/world_model_state_space_v1/residual_head_plan_20260419_farm0p05/train_outputs/repro_residual_farm0p05_val_rmse_pu.csv
State-space: Residual scratch (farm=0.05),rolling_origin_no_refit,28,280,0.1950883123671104,0.13200936901107785,experiment/artifacts/scratch/world_model_state_space_v1/residual_head_plan_20260419_farm0p05/train_outputs/repro_residual_farm0p05_val_rmse_pu.csv
State-space: Residual scratch (farm=0.05),rolling_origin_no_refit,29,290,0.19740949749885411,0.13358945691900415,experiment/artifacts/scratch/world_model_state_space_v1/residual_head_plan_20260419_farm0p05/train_outputs/repro_residual_farm0p05_val_rmse_pu.csv
State-space: Residual scratch (farm=0.05),rolling_origin_no_refit,30,300,0.19900852004304423,0.13508116691995709,experiment/artifacts/scratch/world_model_state_space_v1/residual_head_plan_20260419_farm0p05/train_outputs/repro_residual_farm0p05_val_rmse_pu.csv
State-space: Residual scratch (farm=0.05),rolling_origin_no_refit,31,310,0.20122970396197595,0.13654782852542607,experiment/artifacts/scratch/world_model_state_space_v1/residual_head_plan_20260419_farm0p05/train_outputs/repro_residual_farm0p05_val_rmse_pu.csv
State-space: Residual scratch (farm=0.05),rolling_origin_no_refit,32,320,0.20287922207838252,0.1379648371291497,experiment/artifacts/scratch/world_model_state_space_v1/residual_head_plan_20260419_farm0p05/train_outputs/repro_residual_farm0p05_val_rmse_pu.csv
State-space: Residual scratch (farm=0.05),rolling_origin_no_refit,33,330,0.2045509130869256,0.13938273662938755,experiment/artifacts/scratch/world_model_state_space_v1/residual_head_plan_20260419_farm0p05/train_outputs/repro_residual_farm0p05_val_rmse_pu.csv
State-space: Residual scratch (farm=0.05),rolling_origin_no_refit,34,340,0.206322003997517,0.14075123589981442,experiment/artifacts/scratch/world_model_state_space_v1/residual_head_plan_20260419_farm0p05/train_outputs/repro_residual_farm0p05_val_rmse_pu.csv
State-space: Residual scratch (farm=0.05),rolling_origin_no_refit,35,350,0.20799330313970443,0.14206807227427404,experiment/artifacts/scratch/world_model_state_space_v1/residual_head_plan_20260419_farm0p05/train_outputs/repro_residual_farm0p05_val_rmse_pu.csv
State-space: Residual scratch (farm=0.05),rolling_origin_no_refit,36,360,0.20971709136559138,0.14342743761040586,experiment/artifacts/scratch/world_model_state_space_v1/residual_head_plan_20260419_farm0p05/train_outputs/repro_residual_farm0p05_val_rmse_pu.csv
State-space: Residual scratch (farm=0.05),non_overlap,1,10,0.07439688544922093,0.04686874543015335,experiment/artifacts/scratch/world_model_state_space_v1/residual_head_plan_20260419_farm0p05/train_outputs/repro_residual_farm0p05_val_rmse_pu.csv
State-space: Residual scratch (farm=0.05),non_overlap,2,20,0.0956466600495427,0.06002361201941796,experiment/artifacts/scratch/world_model_state_space_v1/residual_head_plan_20260419_farm0p05/train_outputs/repro_residual_farm0p05_val_rmse_pu.csv
State-space: Residual scratch (farm=0.05),non_overlap,3,30,0.105414986998536,0.06618715982878227,experiment/artifacts/scratch/world_model_state_space_v1/residual_head_plan_20260419_farm0p05/train_outputs/repro_residual_farm0p05_val_rmse_pu.csv
State-space: Residual scratch (farm=0.05),non_overlap,4,40,0.11374402820273542,0.0726367362739632,experiment/artifacts/scratch/world_model_state_space_v1/residual_head_plan_20260419_farm0p05/train_outputs/repro_residual_farm0p05_val_rmse_pu.csv
State-space: Residual scratch (farm=0.05),non_overlap,5,50,0.11985112121233936,0.07731278589435318,experiment/artifacts/scratch/world_model_state_space_v1/residual_head_plan_20260419_farm0p05/train_outputs/repro_residual_farm0p05_val_rmse_pu.csv
State-space: Residual scratch (farm=0.05),non_overlap,6,60,0.1264976151295764,0.08200315013979133,experiment/artifacts/scratch/world_model_state_space_v1/residual_head_plan_20260419_farm0p05/train_outputs/repro_residual_farm0p05_val_rmse_pu.csv
State-space: Residual scratch (farm=0.05),non_overlap,7,70,0.13093859458412524,0.08448104936279204,experiment/artifacts/scratch/world_model_state_space_v1/residual_head_plan_20260419_farm0p05/train_outputs/repro_residual_farm0p05_val_rmse_pu.csv
State-space: Residual scratch (farm=0.05),non_overlap,8,80,0.13448910788273213,0.08783808344857436,experiment/artifacts/scratch/world_model_state_space_v1/residual_head_plan_20260419_farm0p05/train_outputs/repro_residual_farm0p05_val_rmse_pu.csv
State-space: Residual scratch (farm=0.05),non_overlap,9,90,0.13724005843122178,0.09014168655112018,experiment/artifacts/scratch/world_model_state_space_v1/residual_head_plan_20260419_farm0p05/train_outputs/repro_residual_farm0p05_val_rmse_pu.csv
State-space: Residual scratch (farm=0.05),non_overlap,10,100,0.1417151991286482,0.09363062311634693,experiment/artifacts/scratch/world_model_state_space_v1/residual_head_plan_20260419_farm0p05/train_outputs/repro_residual_farm0p05_val_rmse_pu.csv
State-space: Residual scratch (farm=0.05),non_overlap,11,110,0.15038945046058863,0.09813416007222737,experiment/artifacts/scratch/world_model_state_space_v1/residual_head_plan_20260419_farm0p05/train_outputs/repro_residual_farm0p05_val_rmse_pu.csv
State-space: Residual scratch (farm=0.05),non_overlap,12,120,0.153729569275047,0.10088160489336134,experiment/artifacts/scratch/world_model_state_space_v1/residual_head_plan_20260419_farm0p05/train_outputs/repro_residual_farm0p05_val_rmse_pu.csv
State-space: Residual scratch (farm=0.05),non_overlap,13,130,0.15567560660727264,0.10265442146879528,experiment/artifacts/scratch/world_model_state_space_v1/residual_head_plan_20260419_farm0p05/train_outputs/repro_residual_farm0p05_val_rmse_pu.csv
State-space: Residual scratch (farm=0.05),non_overlap,14,140,0.1587808719174781,0.10416592808671077,experiment/artifacts/scratch/world_model_state_space_v1/residual_head_plan_20260419_farm0p05/train_outputs/repro_residual_farm0p05_val_rmse_pu.csv
State-space: Residual scratch (farm=0.05),non_overlap,15,150,0.1607955988737659,0.10595976421472685,experiment/artifacts/scratch/world_model_state_space_v1/residual_head_plan_20260419_farm0p05/train_outputs/repro_residual_farm0p05_val_rmse_pu.csv
State-space: Residual scratch (farm=0.05),non_overlap,16,160,0.16139077745367686,0.10679098650920675,experiment/artifacts/scratch/world_model_state_space_v1/residual_head_plan_20260419_farm0p05/train_outputs/repro_residual_farm0p05_val_rmse_pu.csv
State-space: Residual scratch (farm=0.05),non_overlap,17,170,0.16619798454413898,0.10935360318904364,experiment/artifacts/scratch/world_model_state_space_v1/residual_head_plan_20260419_farm0p05/train_outputs/repro_residual_farm0p05_val_rmse_pu.csv
State-space: Residual scratch (farm=0.05),non_overlap,18,180,0.17001995429056557,0.11158527673292273,experiment/artifacts/scratch/world_model_state_space_v1/residual_head_plan_20260419_farm0p05/train_outputs/repro_residual_farm0p05_val_rmse_pu.csv
State-space: Residual scratch (farm=0.05),non_overlap,19,190,0.1723299502075023,0.11391095363799013,experiment/artifacts/scratch/world_model_state_space_v1/residual_head_plan_20260419_farm0p05/train_outputs/repro_residual_farm0p05_val_rmse_pu.csv
State-space: Residual scratch (farm=0.05),non_overlap,20,200,0.1750867926110044,0.11546202148694752,experiment/artifacts/scratch/world_model_state_space_v1/residual_head_plan_20260419_farm0p05/train_outputs/repro_residual_farm0p05_val_rmse_pu.csv
State-space: Residual scratch (farm=0.05),non_overlap,21,210,0.17726457241840074,0.11755250847593138,experiment/artifacts/scratch/world_model_state_space_v1/residual_head_plan_20260419_farm0p05/train_outputs/repro_residual_farm0p05_val_rmse_pu.csv
State-space: Residual scratch (farm=0.05),non_overlap,22,220,0.1797921161619233,0.12027140489905319,experiment/artifacts/scratch/world_model_state_space_v1/residual_head_plan_20260419_farm0p05/train_outputs/repro_residual_farm0p05_val_rmse_pu.csv
State-space: Residual scratch (farm=0.05),non_overlap,23,230,0.18033507739514879,0.12048166532602989,experiment/artifacts/scratch/world_model_state_space_v1/residual_head_plan_20260419_farm0p05/train_outputs/repro_residual_farm0p05_val_rmse_pu.csv
State-space: Residual scratch (farm=0.05),non_overlap,24,240,0.18266420662362615,0.1225779237254553,experiment/artifacts/scratch/world_model_state_space_v1/residual_head_plan_20260419_farm0p05/train_outputs/repro_residual_farm0p05_val_rmse_pu.csv
State-space: Residual scratch (farm=0.05),non_overlap,25,250,0.18764788862486262,0.12587489700536633,experiment/artifacts/scratch/world_model_state_space_v1/residual_head_plan_20260419_farm0p05/train_outputs/repro_residual_farm0p05_val_rmse_pu.csv
State-space: Residual scratch (farm=0.05),non_overlap,26,260,0.18735899684780152,0.1265439579317309,experiment/artifacts/scratch/world_model_state_space_v1/residual_head_plan_20260419_farm0p05/train_outputs/repro_residual_farm0p05_val_rmse_pu.csv
State-space: Residual scratch (farm=0.05),non_overlap,27,270,0.1929678520562568,0.13034995012377687,experiment/artifacts/scratch/world_model_state_space_v1/residual_head_plan_20260419_farm0p05/train_outputs/repro_residual_farm0p05_val_rmse_pu.csv
State-space: Residual scratch (farm=0.05),non_overlap,28,280,0.19450550444007694,0.13152810219343816,experiment/artifacts/scratch/world_model_state_space_v1/residual_head_plan_20260419_farm0p05/train_outputs/repro_residual_farm0p05_val_rmse_pu.csv
State-space: Residual scratch (farm=0.05),non_overlap,29,290,0.19803949461365364,0.13419404848411576,experiment/artifacts/scratch/world_model_state_space_v1/residual_head_plan_20260419_farm0p05/train_outputs/repro_residual_farm0p05_val_rmse_pu.csv
State-space: Residual scratch (farm=0.05),non_overlap,30,300,0.1992915400238153,0.13593708230184906,experiment/artifacts/scratch/world_model_state_space_v1/residual_head_plan_20260419_farm0p05/train_outputs/repro_residual_farm0p05_val_rmse_pu.csv
State-space: Residual scratch (farm=0.05),non_overlap,31,310,0.20064046683762943,0.13646634919033163,experiment/artifacts/scratch/world_model_state_space_v1/residual_head_plan_20260419_farm0p05/train_outputs/repro_residual_farm0p05_val_rmse_pu.csv
State-space: Residual scratch (farm=0.05),non_overlap,32,320,0.20145726917843368,0.13750109998880294,experiment/artifacts/scratch/world_model_state_space_v1/residual_head_plan_20260419_farm0p05/train_outputs/repro_residual_farm0p05_val_rmse_pu.csv
State-space: Residual scratch (farm=0.05),non_overlap,33,330,0.20341456753723267,0.13904016778850087,experiment/artifacts/scratch/world_model_state_space_v1/residual_head_plan_20260419_farm0p05/train_outputs/repro_residual_farm0p05_val_rmse_pu.csv
State-space: Residual scratch (farm=0.05),non_overlap,34,340,0.20383215179215652,0.1397356085928273,experiment/artifacts/scratch/world_model_state_space_v1/residual_head_plan_20260419_farm0p05/train_outputs/repro_residual_farm0p05_val_rmse_pu.csv
State-space: Residual scratch (farm=0.05),non_overlap,35,350,0.20646573982853253,0.1410632406240586,experiment/artifacts/scratch/world_model_state_space_v1/residual_head_plan_20260419_farm0p05/train_outputs/repro_residual_farm0p05_val_rmse_pu.csv
State-space: Residual scratch (farm=0.05),non_overlap,36,360,0.20753006109702077,0.14200473804148822,experiment/artifacts/scratch/world_model_state_space_v1/residual_head_plan_20260419_farm0p05/train_outputs/repro_residual_farm0p05_val_rmse_pu.csv
State-space: Residual scratch (farm=0.0),rolling_origin_no_refit,1,10,0.07342613634118422,0.04606010908759522,experiment/artifacts/scratch/world_model_state_space_v1/residual_head_plan_20260419_farm0p05/train_outputs/dual_residual_farm0p00_val_rmse_pu.csv
State-space: Residual scratch (farm=0.0),rolling_origin_no_refit,2,20,0.09395839591757871,0.05892522909684539,experiment/artifacts/scratch/world_model_state_space_v1/residual_head_plan_20260419_farm0p05/train_outputs/dual_residual_farm0p00_val_rmse_pu.csv
State-space: Residual scratch (farm=0.0),rolling_origin_no_refit,3,30,0.10574964443848728,0.06668447406010192,experiment/artifacts/scratch/world_model_state_space_v1/residual_head_plan_20260419_farm0p05/train_outputs/dual_residual_farm0p00_val_rmse_pu.csv
State-space: Residual scratch (farm=0.0),rolling_origin_no_refit,4,40,0.1142469327687274,0.07247706491629256,experiment/artifacts/scratch/world_model_state_space_v1/residual_head_plan_20260419_farm0p05/train_outputs/dual_residual_farm0p00_val_rmse_pu.csv
State-space: Residual scratch (farm=0.0),rolling_origin_no_refit,5,50,0.12078242162878554,0.07735132689172998,experiment/artifacts/scratch/world_model_state_space_v1/residual_head_plan_20260419_farm0p05/train_outputs/dual_residual_farm0p00_val_rmse_pu.csv
State-space: Residual scratch (farm=0.0),rolling_origin_no_refit,6,60,0.12659064916268487,0.0813600526202665,experiment/artifacts/scratch/world_model_state_space_v1/residual_head_plan_20260419_farm0p05/train_outputs/dual_residual_farm0p00_val_rmse_pu.csv
State-space: Residual scratch (farm=0.0),rolling_origin_no_refit,7,70,0.13158984252561248,0.08517516143946686,experiment/artifacts/scratch/world_model_state_space_v1/residual_head_plan_20260419_farm0p05/train_outputs/dual_residual_farm0p00_val_rmse_pu.csv
State-space: Residual scratch (farm=0.0),rolling_origin_no_refit,8,80,0.13638381320081794,0.08854924590231858,experiment/artifacts/scratch/world_model_state_space_v1/residual_head_plan_20260419_farm0p05/train_outputs/dual_residual_farm0p00_val_rmse_pu.csv
State-space: Residual scratch (farm=0.0),rolling_origin_no_refit,9,90,0.14079114547517885,0.09177775550632512,experiment/artifacts/scratch/world_model_state_space_v1/residual_head_plan_20260419_farm0p05/train_outputs/dual_residual_farm0p00_val_rmse_pu.csv
State-space: Residual scratch (farm=0.0),rolling_origin_no_refit,10,100,0.14468370758038485,0.0947164224804388,experiment/artifacts/scratch/world_model_state_space_v1/residual_head_plan_20260419_farm0p05/train_outputs/dual_residual_farm0p00_val_rmse_pu.csv
State-space: Residual scratch (farm=0.0),rolling_origin_no_refit,11,110,0.14852289106967997,0.09754711004579217,experiment/artifacts/scratch/world_model_state_space_v1/residual_head_plan_20260419_farm0p05/train_outputs/dual_residual_farm0p00_val_rmse_pu.csv
State-space: Residual scratch (farm=0.0),rolling_origin_no_refit,12,120,0.15218392134173916,0.10005979784028635,experiment/artifacts/scratch/world_model_state_space_v1/residual_head_plan_20260419_farm0p05/train_outputs/dual_residual_farm0p00_val_rmse_pu.csv
State-space: Residual scratch (farm=0.0),rolling_origin_no_refit,13,130,0.15561391427132473,0.1025827395618234,experiment/artifacts/scratch/world_model_state_space_v1/residual_head_plan_20260419_farm0p05/train_outputs/dual_residual_farm0p00_val_rmse_pu.csv
State-space: Residual scratch (farm=0.0),rolling_origin_no_refit,14,140,0.15901904331385092,0.10493679720138031,experiment/artifacts/scratch/world_model_state_space_v1/residual_head_plan_20260419_farm0p05/train_outputs/dual_residual_farm0p00_val_rmse_pu.csv
State-space: Residual scratch (farm=0.0),rolling_origin_no_refit,15,150,0.16217312848280885,0.10731909935307583,experiment/artifacts/scratch/world_model_state_space_v1/residual_head_plan_20260419_farm0p05/train_outputs/dual_residual_farm0p00_val_rmse_pu.csv
State-space: Residual scratch (farm=0.0),rolling_origin_no_refit,16,160,0.1653326937204444,0.10942969361989288,experiment/artifacts/scratch/world_model_state_space_v1/residual_head_plan_20260419_farm0p05/train_outputs/dual_residual_farm0p00_val_rmse_pu.csv
State-space: Residual scratch (farm=0.0),rolling_origin_no_refit,17,170,0.16811729809534134,0.11170975371822527,experiment/artifacts/scratch/world_model_state_space_v1/residual_head_plan_20260419_farm0p05/train_outputs/dual_residual_farm0p00_val_rmse_pu.csv
State-space: Residual scratch (farm=0.0),rolling_origin_no_refit,18,180,0.17088895961970238,0.11392072511691932,experiment/artifacts/scratch/world_model_state_space_v1/residual_head_plan_20260419_farm0p05/train_outputs/dual_residual_farm0p00_val_rmse_pu.csv
State-space: Residual scratch (farm=0.0),rolling_origin_no_refit,19,190,0.17386462889231835,0.11588012828102916,experiment/artifacts/scratch/world_model_state_space_v1/residual_head_plan_20260419_farm0p05/train_outputs/dual_residual_farm0p00_val_rmse_pu.csv
State-space: Residual scratch (farm=0.0),rolling_origin_no_refit,20,200,0.17637011978955144,0.11808890001798547,experiment/artifacts/scratch/world_model_state_space_v1/residual_head_plan_20260419_farm0p05/train_outputs/dual_residual_farm0p00_val_rmse_pu.csv
State-space: Residual scratch (farm=0.0),rolling_origin_no_refit,21,210,0.17913329829477073,0.12002901436626537,experiment/artifacts/scratch/world_model_state_space_v1/residual_head_plan_20260419_farm0p05/train_outputs/dual_residual_farm0p00_val_rmse_pu.csv
State-space: Residual scratch (farm=0.0),rolling_origin_no_refit,22,220,0.18153385371992045,0.12195690367067788,experiment/artifacts/scratch/world_model_state_space_v1/residual_head_plan_20260419_farm0p05/train_outputs/dual_residual_farm0p00_val_rmse_pu.csv
State-space: Residual scratch (farm=0.0),rolling_origin_no_refit,23,230,0.18395383329843792,0.1237992790455346,experiment/artifacts/scratch/world_model_state_space_v1/residual_head_plan_20260419_farm0p05/train_outputs/dual_residual_farm0p00_val_rmse_pu.csv
State-space: Residual scratch (farm=0.0),rolling_origin_no_refit,24,240,0.18620359457576693,0.12566626451618013,experiment/artifacts/scratch/world_model_state_space_v1/residual_head_plan_20260419_farm0p05/train_outputs/dual_residual_farm0p00_val_rmse_pu.csv
State-space: Residual scratch (farm=0.0),rolling_origin_no_refit,25,250,0.18853719474008665,0.12738415443340115,experiment/artifacts/scratch/world_model_state_space_v1/residual_head_plan_20260419_farm0p05/train_outputs/dual_residual_farm0p00_val_rmse_pu.csv
State-space: Residual scratch (farm=0.0),rolling_origin_no_refit,26,260,0.19067980944486262,0.12921664168460664,experiment/artifacts/scratch/world_model_state_space_v1/residual_head_plan_20260419_farm0p05/train_outputs/dual_residual_farm0p00_val_rmse_pu.csv
State-space: Residual scratch (farm=0.0),rolling_origin_no_refit,27,270,0.1927634226091221,0.13082982781337504,experiment/artifacts/scratch/world_model_state_space_v1/residual_head_plan_20260419_farm0p05/train_outputs/dual_residual_farm0p00_val_rmse_pu.csv
State-space: Residual scratch (farm=0.0),rolling_origin_no_refit,28,280,0.19464369337807608,0.13246459456969797,experiment/artifacts/scratch/world_model_state_space_v1/residual_head_plan_20260419_farm0p05/train_outputs/dual_residual_farm0p00_val_rmse_pu.csv
State-space: Residual scratch (farm=0.0),rolling_origin_no_refit,29,290,0.19688332215989168,0.1339583699080846,experiment/artifacts/scratch/world_model_state_space_v1/residual_head_plan_20260419_farm0p05/train_outputs/dual_residual_farm0p00_val_rmse_pu.csv
State-space: Residual scratch (farm=0.0),rolling_origin_no_refit,30,300,0.19858868636214036,0.13550213280159426,experiment/artifacts/scratch/world_model_state_space_v1/residual_head_plan_20260419_farm0p05/train_outputs/dual_residual_farm0p00_val_rmse_pu.csv
State-space: Residual scratch (farm=0.0),rolling_origin_no_refit,31,310,0.20043354606166977,0.1369363150889994,experiment/artifacts/scratch/world_model_state_space_v1/residual_head_plan_20260419_farm0p05/train_outputs/dual_residual_farm0p00_val_rmse_pu.csv
State-space: Residual scratch (farm=0.0),rolling_origin_no_refit,32,320,0.20229353513734985,0.13843340905808152,experiment/artifacts/scratch/world_model_state_space_v1/residual_head_plan_20260419_farm0p05/train_outputs/dual_residual_farm0p00_val_rmse_pu.csv
State-space: Residual scratch (farm=0.0),rolling_origin_no_refit,33,330,0.20382054772118088,0.1397899592204868,experiment/artifacts/scratch/world_model_state_space_v1/residual_head_plan_20260419_farm0p05/train_outputs/dual_residual_farm0p00_val_rmse_pu.csv
State-space: Residual scratch (farm=0.0),rolling_origin_no_refit,34,340,0.20557726507709362,0.14112390971911612,experiment/artifacts/scratch/world_model_state_space_v1/residual_head_plan_20260419_farm0p05/train_outputs/dual_residual_farm0p00_val_rmse_pu.csv
State-space: Residual scratch (farm=0.0),rolling_origin_no_refit,35,350,0.20720113064740475,0.14243782791426277,experiment/artifacts/scratch/world_model_state_space_v1/residual_head_plan_20260419_farm0p05/train_outputs/dual_residual_farm0p00_val_rmse_pu.csv
State-space: Residual scratch (farm=0.0),rolling_origin_no_refit,36,360,0.2086648789080582,0.14370290925122411,experiment/artifacts/scratch/world_model_state_space_v1/residual_head_plan_20260419_farm0p05/train_outputs/dual_residual_farm0p00_val_rmse_pu.csv
State-space: Residual scratch (farm=0.0),non_overlap,1,10,0.07382002940127058,0.046636436330945004,experiment/artifacts/scratch/world_model_state_space_v1/residual_head_plan_20260419_farm0p05/train_outputs/dual_residual_farm0p00_val_rmse_pu.csv
State-space: Residual scratch (farm=0.0),non_overlap,2,20,0.09525730835557704,0.059796212635547824,experiment/artifacts/scratch/world_model_state_space_v1/residual_head_plan_20260419_farm0p05/train_outputs/dual_residual_farm0p00_val_rmse_pu.csv
State-space: Residual scratch (farm=0.0),non_overlap,3,30,0.1050941038118689,0.06620160262550463,experiment/artifacts/scratch/world_model_state_space_v1/residual_head_plan_20260419_farm0p05/train_outputs/dual_residual_farm0p00_val_rmse_pu.csv
State-space: Residual scratch (farm=0.0),non_overlap,4,40,0.1134158672163391,0.07259956255750896,experiment/artifacts/scratch/world_model_state_space_v1/residual_head_plan_20260419_farm0p05/train_outputs/dual_residual_farm0p00_val_rmse_pu.csv
State-space: Residual scratch (farm=0.0),non_overlap,5,50,0.11952959335977821,0.07745373196612508,experiment/artifacts/scratch/world_model_state_space_v1/residual_head_plan_20260419_farm0p05/train_outputs/dual_residual_farm0p00_val_rmse_pu.csv
State-space: Residual scratch (farm=0.0),non_overlap,6,60,0.1262678575493827,0.08222390133216573,experiment/artifacts/scratch/world_model_state_space_v1/residual_head_plan_20260419_farm0p05/train_outputs/dual_residual_farm0p00_val_rmse_pu.csv
State-space: Residual scratch (farm=0.0),non_overlap,7,70,0.13063759932127933,0.08476346278656072,experiment/artifacts/scratch/world_model_state_space_v1/residual_head_plan_20260419_farm0p05/train_outputs/dual_residual_farm0p00_val_rmse_pu.csv
State-space: Residual scratch (farm=0.0),non_overlap,8,80,0.13412107068677834,0.08797806311962174,experiment/artifacts/scratch/world_model_state_space_v1/residual_head_plan_20260419_farm0p05/train_outputs/dual_residual_farm0p00_val_rmse_pu.csv
State-space: Residual scratch (farm=0.0),non_overlap,9,90,0.1371530167796498,0.09040024718478411,experiment/artifacts/scratch/world_model_state_space_v1/residual_head_plan_20260419_farm0p05/train_outputs/dual_residual_farm0p00_val_rmse_pu.csv
State-space: Residual scratch (farm=0.0),non_overlap,10,100,0.14171791546162038,0.09405277434938711,experiment/artifacts/scratch/world_model_state_space_v1/residual_head_plan_20260419_farm0p05/train_outputs/dual_residual_farm0p00_val_rmse_pu.csv
State-space: Residual scratch (farm=0.0),non_overlap,11,110,0.1501672906774928,0.0987083318739042,experiment/artifacts/scratch/world_model_state_space_v1/residual_head_plan_20260419_farm0p05/train_outputs/dual_residual_farm0p00_val_rmse_pu.csv
State-space: Residual scratch (farm=0.0),non_overlap,12,120,0.15357187112251838,0.10131367990268271,experiment/artifacts/scratch/world_model_state_space_v1/residual_head_plan_20260419_farm0p05/train_outputs/dual_residual_farm0p00_val_rmse_pu.csv
State-space: Residual scratch (farm=0.0),non_overlap,13,130,0.15567643196331396,0.10324585348715934,experiment/artifacts/scratch/world_model_state_space_v1/residual_head_plan_20260419_farm0p05/train_outputs/dual_residual_farm0p00_val_rmse_pu.csv
State-space: Residual scratch (farm=0.0),non_overlap,14,140,0.1586526890121835,0.10472384315188665,experiment/artifacts/scratch/world_model_state_space_v1/residual_head_plan_20260419_farm0p05/train_outputs/dual_residual_farm0p00_val_rmse_pu.csv
State-space: Residual scratch (farm=0.0),non_overlap,15,150,0.1605296316234297,0.10664775415110804,experiment/artifacts/scratch/world_model_state_space_v1/residual_head_plan_20260419_farm0p05/train_outputs/dual_residual_farm0p00_val_rmse_pu.csv
State-space: Residual scratch (farm=0.0),non_overlap,16,160,0.1613118388334434,0.1074477156564343,experiment/artifacts/scratch/world_model_state_space_v1/residual_head_plan_20260419_farm0p05/train_outputs/dual_residual_farm0p00_val_rmse_pu.csv
State-space: Residual scratch (farm=0.0),non_overlap,17,170,0.16595016224485654,0.10977928650947279,experiment/artifacts/scratch/world_model_state_space_v1/residual_head_plan_20260419_farm0p05/train_outputs/dual_residual_farm0p00_val_rmse_pu.csv
State-space: Residual scratch (farm=0.0),non_overlap,18,180,0.16935641342940852,0.11203841149277682,experiment/artifacts/scratch/world_model_state_space_v1/residual_head_plan_20260419_farm0p05/train_outputs/dual_residual_farm0p00_val_rmse_pu.csv
State-space: Residual scratch (farm=0.0),non_overlap,19,190,0.17191637077399152,0.11420321292400695,experiment/artifacts/scratch/world_model_state_space_v1/residual_head_plan_20260419_farm0p05/train_outputs/dual_residual_farm0p00_val_rmse_pu.csv
State-space: Residual scratch (farm=0.0),non_overlap,20,200,0.17446460157180102,0.11599622405239948,experiment/artifacts/scratch/world_model_state_space_v1/residual_head_plan_20260419_farm0p05/train_outputs/dual_residual_farm0p00_val_rmse_pu.csv
State-space: Residual scratch (farm=0.0),non_overlap,21,210,0.1768607557943672,0.11803501372030087,experiment/artifacts/scratch/world_model_state_space_v1/residual_head_plan_20260419_farm0p05/train_outputs/dual_residual_farm0p00_val_rmse_pu.csv
State-space: Residual scratch (farm=0.0),non_overlap,22,220,0.17952683339557537,0.12072447404634791,experiment/artifacts/scratch/world_model_state_space_v1/residual_head_plan_20260419_farm0p05/train_outputs/dual_residual_farm0p00_val_rmse_pu.csv
State-space: Residual scratch (farm=0.0),non_overlap,23,230,0.17995765789226342,0.1209085488115308,experiment/artifacts/scratch/world_model_state_space_v1/residual_head_plan_20260419_farm0p05/train_outputs/dual_residual_farm0p00_val_rmse_pu.csv
State-space: Residual scratch (farm=0.0),non_overlap,24,240,0.18242543564527652,0.1230194284711774,experiment/artifacts/scratch/world_model_state_space_v1/residual_head_plan_20260419_farm0p05/train_outputs/dual_residual_farm0p00_val_rmse_pu.csv
State-space: Residual scratch (farm=0.0),non_overlap,25,250,0.18716913866414475,0.1261654320374646,experiment/artifacts/scratch/world_model_state_space_v1/residual_head_plan_20260419_farm0p05/train_outputs/dual_residual_farm0p00_val_rmse_pu.csv
State-space: Residual scratch (farm=0.0),non_overlap,26,260,0.18685477268959247,0.12699057263584104,experiment/artifacts/scratch/world_model_state_space_v1/residual_head_plan_20260419_farm0p05/train_outputs/dual_residual_farm0p00_val_rmse_pu.csv
State-space: Residual scratch (farm=0.0),non_overlap,27,270,0.19226439367546255,0.13081872028700278,experiment/artifacts/scratch/world_model_state_space_v1/residual_head_plan_20260419_farm0p05/train_outputs/dual_residual_farm0p00_val_rmse_pu.csv
State-space: Residual scratch (farm=0.0),non_overlap,28,280,0.19380022192343754,0.13192310671719285,experiment/artifacts/scratch/world_model_state_space_v1/residual_head_plan_20260419_farm0p05/train_outputs/dual_residual_farm0p00_val_rmse_pu.csv
State-space: Residual scratch (farm=0.0),non_overlap,29,290,0.19729794140278423,0.13428764538013335,experiment/artifacts/scratch/world_model_state_space_v1/residual_head_plan_20260419_farm0p05/train_outputs/dual_residual_farm0p00_val_rmse_pu.csv
State-space: Residual scratch (farm=0.0),non_overlap,30,300,0.1990924141253724,0.13637715393954586,experiment/artifacts/scratch/world_model_state_space_v1/residual_head_plan_20260419_farm0p05/train_outputs/dual_residual_farm0p00_val_rmse_pu.csv
State-space: Residual scratch (farm=0.0),non_overlap,31,310,0.20023895084167354,0.13708838327842937,experiment/artifacts/scratch/world_model_state_space_v1/residual_head_plan_20260419_farm0p05/train_outputs/dual_residual_farm0p00_val_rmse_pu.csv
State-space: Residual scratch (farm=0.0),non_overlap,32,320,0.2012977337665042,0.13831012509572982,experiment/artifacts/scratch/world_model_state_space_v1/residual_head_plan_20260419_farm0p05/train_outputs/dual_residual_farm0p00_val_rmse_pu.csv
State-space: Residual scratch (farm=0.0),non_overlap,33,330,0.20321495627083447,0.13997361152053206,experiment/artifacts/scratch/world_model_state_space_v1/residual_head_plan_20260419_farm0p05/train_outputs/dual_residual_farm0p00_val_rmse_pu.csv
State-space: Residual scratch (farm=0.0),non_overlap,34,340,0.20354829457084905,0.1404850904252361,experiment/artifacts/scratch/world_model_state_space_v1/residual_head_plan_20260419_farm0p05/train_outputs/dual_residual_farm0p00_val_rmse_pu.csv
State-space: Residual scratch (farm=0.0),non_overlap,35,350,0.20642241287336535,0.14201294876581802,experiment/artifacts/scratch/world_model_state_space_v1/residual_head_plan_20260419_farm0p05/train_outputs/dual_residual_farm0p00_val_rmse_pu.csv
State-space: Residual scratch (farm=0.0),non_overlap,36,360,0.20719047758189527,0.1427389096078491,experiment/artifacts/scratch/world_model_state_space_v1/residual_head_plan_20260419_farm0p05/train_outputs/dual_residual_farm0p00_val_rmse_pu.csv
State-space: Global-local residual,rolling_origin_no_refit,1,10,0.07393203207675884,0.046001227009418284,experiment/artifacts/scratch/world_model_state_space_v1/global_local_ablation_20260422_farm0p00_val_rmse/train_outputs/global_local_residual_farm0p00_val_rmse_pu.csv
State-space: Global-local residual,rolling_origin_no_refit,2,20,0.09483066756201688,0.059235743942417006,experiment/artifacts/scratch/world_model_state_space_v1/global_local_ablation_20260422_farm0p00_val_rmse/train_outputs/global_local_residual_farm0p00_val_rmse_pu.csv
State-space: Global-local residual,rolling_origin_no_refit,3,30,0.10622947638654372,0.06679624301097321,experiment/artifacts/scratch/world_model_state_space_v1/global_local_ablation_20260422_farm0p00_val_rmse/train_outputs/global_local_residual_farm0p00_val_rmse_pu.csv
State-space: Global-local residual,rolling_origin_no_refit,4,40,0.1145722795027663,0.07274103727915948,experiment/artifacts/scratch/world_model_state_space_v1/global_local_ablation_20260422_farm0p00_val_rmse/train_outputs/global_local_residual_farm0p00_val_rmse_pu.csv
State-space: Global-local residual,rolling_origin_no_refit,5,50,0.12109752718719495,0.07747226228133328,experiment/artifacts/scratch/world_model_state_space_v1/global_local_ablation_20260422_farm0p00_val_rmse/train_outputs/global_local_residual_farm0p00_val_rmse_pu.csv
State-space: Global-local residual,rolling_origin_no_refit,6,60,0.1268675051535559,0.08148843850442859,experiment/artifacts/scratch/world_model_state_space_v1/global_local_ablation_20260422_farm0p00_val_rmse/train_outputs/global_local_residual_farm0p00_val_rmse_pu.csv
State-space: Global-local residual,rolling_origin_no_refit,7,70,0.13184851018104682,0.08527609278540717,experiment/artifacts/scratch/world_model_state_space_v1/global_local_ablation_20260422_farm0p00_val_rmse/train_outputs/global_local_residual_farm0p00_val_rmse_pu.csv
State-space: Global-local residual,rolling_origin_no_refit,8,80,0.13659703871788534,0.08876653409658058,experiment/artifacts/scratch/world_model_state_space_v1/global_local_ablation_20260422_farm0p00_val_rmse/train_outputs/global_local_residual_farm0p00_val_rmse_pu.csv
State-space: Global-local residual,rolling_origin_no_refit,9,90,0.14098500801647182,0.09201819004840056,experiment/artifacts/scratch/world_model_state_space_v1/global_local_ablation_20260422_farm0p00_val_rmse/train_outputs/global_local_residual_farm0p00_val_rmse_pu.csv
State-space: Global-local residual,rolling_origin_no_refit,10,100,0.14486824284752772,0.09492324839654444,experiment/artifacts/scratch/world_model_state_space_v1/global_local_ablation_20260422_farm0p00_val_rmse/train_outputs/global_local_residual_farm0p00_val_rmse_pu.csv
State-space: Global-local residual,rolling_origin_no_refit,11,110,0.14872565693605846,0.09768297571161094,experiment/artifacts/scratch/world_model_state_space_v1/global_local_ablation_20260422_farm0p00_val_rmse/train_outputs/global_local_residual_farm0p00_val_rmse_pu.csv
State-space: Global-local residual,rolling_origin_no_refit,12,120,0.15233387958894257,0.10033564989638868,experiment/artifacts/scratch/world_model_state_space_v1/global_local_ablation_20260422_farm0p00_val_rmse/train_outputs/global_local_residual_farm0p00_val_rmse_pu.csv
State-space: Global-local residual,rolling_origin_no_refit,13,130,0.15579481070004733,0.10306073167109436,experiment/artifacts/scratch/world_model_state_space_v1/global_local_ablation_20260422_farm0p00_val_rmse/train_outputs/global_local_residual_farm0p00_val_rmse_pu.csv
State-space: Global-local residual,rolling_origin_no_refit,14,140,0.15924742357436023,0.10536151457546135,experiment/artifacts/scratch/world_model_state_space_v1/global_local_ablation_20260422_farm0p00_val_rmse/train_outputs/global_local_residual_farm0p00_val_rmse_pu.csv
State-space: Global-local residual,rolling_origin_no_refit,15,150,0.16247427408217152,0.10762143050892974,experiment/artifacts/scratch/world_model_state_space_v1/global_local_ablation_20260422_farm0p00_val_rmse/train_outputs/global_local_residual_farm0p00_val_rmse_pu.csv
State-space: Global-local residual,rolling_origin_no_refit,16,160,0.16548420472983918,0.10991168965446314,experiment/artifacts/scratch/world_model_state_space_v1/global_local_ablation_20260422_farm0p00_val_rmse/train_outputs/global_local_residual_farm0p00_val_rmse_pu.csv
State-space: Global-local residual,rolling_origin_no_refit,17,170,0.16853428799567502,0.1123038115635471,experiment/artifacts/scratch/world_model_state_space_v1/global_local_ablation_20260422_farm0p00_val_rmse/train_outputs/global_local_residual_farm0p00_val_rmse_pu.csv
State-space: Global-local residual,rolling_origin_no_refit,18,180,0.17142894748149357,0.11453371303424376,experiment/artifacts/scratch/world_model_state_space_v1/global_local_ablation_20260422_farm0p00_val_rmse/train_outputs/global_local_residual_farm0p00_val_rmse_pu.csv
State-space: Global-local residual,rolling_origin_no_refit,19,190,0.17410738743748824,0.11655773710340131,experiment/artifacts/scratch/world_model_state_space_v1/global_local_ablation_20260422_farm0p00_val_rmse/train_outputs/global_local_residual_farm0p00_val_rmse_pu.csv
State-space: Global-local residual,rolling_origin_no_refit,20,200,0.17700806651899065,0.11872267162419428,experiment/artifacts/scratch/world_model_state_space_v1/global_local_ablation_20260422_farm0p00_val_rmse/train_outputs/global_local_residual_farm0p00_val_rmse_pu.csv
State-space: Global-local residual,rolling_origin_no_refit,21,210,0.17968925514843267,0.12070147867619546,experiment/artifacts/scratch/world_model_state_space_v1/global_local_ablation_20260422_farm0p00_val_rmse/train_outputs/global_local_residual_farm0p00_val_rmse_pu.csv
State-space: Global-local residual,rolling_origin_no_refit,22,220,0.18234659796691335,0.1229773390518575,experiment/artifacts/scratch/world_model_state_space_v1/global_local_ablation_20260422_farm0p00_val_rmse/train_outputs/global_local_residual_farm0p00_val_rmse_pu.csv
State-space: Global-local residual,rolling_origin_no_refit,23,230,0.18484354764868838,0.12494693221458049,experiment/artifacts/scratch/world_model_state_space_v1/global_local_ablation_20260422_farm0p00_val_rmse/train_outputs/global_local_residual_farm0p00_val_rmse_pu.csv
State-space: Global-local residual,rolling_origin_no_refit,24,240,0.18723480698972272,0.1267200174117986,experiment/artifacts/scratch/world_model_state_space_v1/global_local_ablation_20260422_farm0p00_val_rmse/train_outputs/global_local_residual_farm0p00_val_rmse_pu.csv
State-space: Global-local residual,rolling_origin_no_refit,25,250,0.18966727153112567,0.1287687527288126,experiment/artifacts/scratch/world_model_state_space_v1/global_local_ablation_20260422_farm0p00_val_rmse/train_outputs/global_local_residual_farm0p00_val_rmse_pu.csv
State-space: Global-local residual,rolling_origin_no_refit,26,260,0.19211594001456,0.13057180475201652,experiment/artifacts/scratch/world_model_state_space_v1/global_local_ablation_20260422_farm0p00_val_rmse/train_outputs/global_local_residual_farm0p00_val_rmse_pu.csv
State-space: Global-local residual,rolling_origin_no_refit,27,270,0.19416122153606888,0.13236723777121792,experiment/artifacts/scratch/world_model_state_space_v1/global_local_ablation_20260422_farm0p00_val_rmse/train_outputs/global_local_residual_farm0p00_val_rmse_pu.csv
State-space: Global-local residual,rolling_origin_no_refit,28,280,0.1963995736003841,0.13412404581961884,experiment/artifacts/scratch/world_model_state_space_v1/global_local_ablation_20260422_farm0p00_val_rmse/train_outputs/global_local_residual_farm0p00_val_rmse_pu.csv
State-space: Global-local residual,rolling_origin_no_refit,29,290,0.19869360861258709,0.13577837559417155,experiment/artifacts/scratch/world_model_state_space_v1/global_local_ablation_20260422_farm0p00_val_rmse/train_outputs/global_local_residual_farm0p00_val_rmse_pu.csv
State-space: Global-local residual,rolling_origin_no_refit,30,300,0.20050701046788033,0.13739568396226742,experiment/artifacts/scratch/world_model_state_space_v1/global_local_ablation_20260422_farm0p00_val_rmse/train_outputs/global_local_residual_farm0p00_val_rmse_pu.csv
State-space: Global-local residual,rolling_origin_no_refit,31,310,0.20252921344834315,0.13888571254094043,experiment/artifacts/scratch/world_model_state_space_v1/global_local_ablation_20260422_farm0p00_val_rmse/train_outputs/global_local_residual_farm0p00_val_rmse_pu.csv
State-space: Global-local residual,rolling_origin_no_refit,32,320,0.20449630210818243,0.1403636193366986,experiment/artifacts/scratch/world_model_state_space_v1/global_local_ablation_20260422_farm0p00_val_rmse/train_outputs/global_local_residual_farm0p00_val_rmse_pu.csv
State-space: Global-local residual,rolling_origin_no_refit,33,330,0.20649755778508136,0.14195512725758913,experiment/artifacts/scratch/world_model_state_space_v1/global_local_ablation_20260422_farm0p00_val_rmse/train_outputs/global_local_residual_farm0p00_val_rmse_pu.csv
State-space: Global-local residual,rolling_origin_no_refit,34,340,0.2081514777716274,0.14350958459601348,experiment/artifacts/scratch/world_model_state_space_v1/global_local_ablation_20260422_farm0p00_val_rmse/train_outputs/global_local_residual_farm0p00_val_rmse_pu.csv
State-space: Global-local residual,rolling_origin_no_refit,35,350,0.20992448822166948,0.14479529546862463,experiment/artifacts/scratch/world_model_state_space_v1/global_local_ablation_20260422_farm0p00_val_rmse/train_outputs/global_local_residual_farm0p00_val_rmse_pu.csv
State-space: Global-local residual,rolling_origin_no_refit,36,360,0.211766881791974,0.14636705539146264,experiment/artifacts/scratch/world_model_state_space_v1/global_local_ablation_20260422_farm0p00_val_rmse/train_outputs/global_local_residual_farm0p00_val_rmse_pu.csv
State-space: Global-local residual,non_overlap,1,10,0.07463181121355165,0.046650184577790965,experiment/artifacts/scratch/world_model_state_space_v1/global_local_ablation_20260422_farm0p00_val_rmse/train_outputs/global_local_residual_farm0p00_val_rmse_pu.csv
State-space: Global-local residual,non_overlap,2,20,0.09622423442655088,0.0600062945937161,experiment/artifacts/scratch/world_model_state_space_v1/global_local_ablation_20260422_farm0p00_val_rmse/train_outputs/global_local_residual_farm0p00_val_rmse_pu.csv
State-space: Global-local residual,non_overlap,3,30,0.1055724309704905,0.06623586347418729,experiment/artifacts/scratch/world_model_state_space_v1/global_local_ablation_20260422_farm0p00_val_rmse/train_outputs/global_local_residual_farm0p00_val_rmse_pu.csv
State-space: Global-local residual,non_overlap,4,40,0.11365384107291313,0.07276438839687041,experiment/artifacts/scratch/world_model_state_space_v1/global_local_ablation_20260422_farm0p00_val_rmse/train_outputs/global_local_residual_farm0p00_val_rmse_pu.csv
State-space: Global-local residual,non_overlap,5,50,0.11962546501415024,0.07721206189569942,experiment/artifacts/scratch/world_model_state_space_v1/global_local_ablation_20260422_farm0p00_val_rmse/train_outputs/global_local_residual_farm0p00_val_rmse_pu.csv
State-space: Global-local residual,non_overlap,6,60,0.12623800184921163,0.08228935154144802,experiment/artifacts/scratch/world_model_state_space_v1/global_local_ablation_20260422_farm0p00_val_rmse/train_outputs/global_local_residual_farm0p00_val_rmse_pu.csv
State-space: Global-local residual,non_overlap,7,70,0.13052767709174512,0.08481285136102246,experiment/artifacts/scratch/world_model_state_space_v1/global_local_ablation_20260422_farm0p00_val_rmse/train_outputs/global_local_residual_farm0p00_val_rmse_pu.csv
State-space: Global-local residual,non_overlap,8,80,0.13375800593514064,0.08788431510852261,experiment/artifacts/scratch/world_model_state_space_v1/global_local_ablation_20260422_farm0p00_val_rmse/train_outputs/global_local_residual_farm0p00_val_rmse_pu.csv
State-space: Global-local residual,non_overlap,9,90,0.13689824863290517,0.09028655773514283,experiment/artifacts/scratch/world_model_state_space_v1/global_local_ablation_20260422_farm0p00_val_rmse/train_outputs/global_local_residual_farm0p00_val_rmse_pu.csv
State-space: Global-local residual,non_overlap,10,100,0.1412890547554357,0.0938478962471878,experiment/artifacts/scratch/world_model_state_space_v1/global_local_ablation_20260422_farm0p00_val_rmse/train_outputs/global_local_residual_farm0p00_val_rmse_pu.csv
State-space: Global-local residual,non_overlap,11,110,0.15009005816689874,0.0987197369086131,experiment/artifacts/scratch/world_model_state_space_v1/global_local_ablation_20260422_farm0p00_val_rmse/train_outputs/global_local_residual_farm0p00_val_rmse_pu.csv
State-space: Global-local residual,non_overlap,12,120,0.15338148395700055,0.10151910864005463,experiment/artifacts/scratch/world_model_state_space_v1/global_local_ablation_20260422_farm0p00_val_rmse/train_outputs/global_local_residual_farm0p00_val_rmse_pu.csv
State-space: Global-local residual,non_overlap,13,130,0.15545338987417553,0.10354872208416184,experiment/artifacts/scratch/world_model_state_space_v1/global_local_ablation_20260422_farm0p00_val_rmse/train_outputs/global_local_residual_farm0p00_val_rmse_pu.csv
State-space: Global-local residual,non_overlap,14,140,0.15849852236396125,0.10500622429001225,experiment/artifacts/scratch/world_model_state_space_v1/global_local_ablation_20260422_farm0p00_val_rmse/train_outputs/global_local_residual_farm0p00_val_rmse_pu.csv
State-space: Global-local residual,non_overlap,15,150,0.16036672470730842,0.1068628702764388,experiment/artifacts/scratch/world_model_state_space_v1/global_local_ablation_20260422_farm0p00_val_rmse/train_outputs/global_local_residual_farm0p00_val_rmse_pu.csv
State-space: Global-local residual,non_overlap,16,160,0.16131768377397693,0.10822110013718697,experiment/artifacts/scratch/world_model_state_space_v1/global_local_ablation_20260422_farm0p00_val_rmse/train_outputs/global_local_residual_farm0p00_val_rmse_pu.csv
State-space: Global-local residual,non_overlap,17,170,0.1659517494404985,0.11040242171857158,experiment/artifacts/scratch/world_model_state_space_v1/global_local_ablation_20260422_farm0p00_val_rmse/train_outputs/global_local_residual_farm0p00_val_rmse_pu.csv
State-space: Global-local residual,non_overlap,18,180,0.16960806677761509,0.1126787281566433,experiment/artifacts/scratch/world_model_state_space_v1/global_local_ablation_20260422_farm0p00_val_rmse/train_outputs/global_local_residual_farm0p00_val_rmse_pu.csv
State-space: Global-local residual,non_overlap,19,190,0.17179679217991403,0.11496234157962712,experiment/artifacts/scratch/world_model_state_space_v1/global_local_ablation_20260422_farm0p00_val_rmse/train_outputs/global_local_residual_farm0p00_val_rmse_pu.csv
State-space: Global-local residual,non_overlap,20,200,0.17478593313226545,0.11667385755412628,experiment/artifacts/scratch/world_model_state_space_v1/global_local_ablation_20260422_farm0p00_val_rmse/train_outputs/global_local_residual_farm0p00_val_rmse_pu.csv
State-space: Global-local residual,non_overlap,21,210,0.17659164138923825,0.11826247238353094,experiment/artifacts/scratch/world_model_state_space_v1/global_local_ablation_20260422_farm0p00_val_rmse/train_outputs/global_local_residual_farm0p00_val_rmse_pu.csv
State-space: Global-local residual,non_overlap,22,220,0.17989353024377197,0.12110232429494645,experiment/artifacts/scratch/world_model_state_space_v1/global_local_ablation_20260422_farm0p00_val_rmse/train_outputs/global_local_residual_farm0p00_val_rmse_pu.csv
State-space: Global-local residual,non_overlap,23,230,0.18075397354840084,0.12178640534963982,experiment/artifacts/scratch/world_model_state_space_v1/global_local_ablation_20260422_farm0p00_val_rmse/train_outputs/global_local_residual_farm0p00_val_rmse_pu.csv
State-space: Global-local residual,non_overlap,24,240,0.18376204051798573,0.12423044176334912,experiment/artifacts/scratch/world_model_state_space_v1/global_local_ablation_20260422_farm0p00_val_rmse/train_outputs/global_local_residual_farm0p00_val_rmse_pu.csv
State-space: Global-local residual,non_overlap,25,250,0.18860639829151285,0.12795875730075418,experiment/artifacts/scratch/world_model_state_space_v1/global_local_ablation_20260422_farm0p00_val_rmse/train_outputs/global_local_residual_farm0p00_val_rmse_pu.csv
State-space: Global-local residual,non_overlap,26,260,0.18850124045811037,0.12863493824041652,experiment/artifacts/scratch/world_model_state_space_v1/global_local_ablation_20260422_farm0p00_val_rmse/train_outputs/global_local_residual_farm0p00_val_rmse_pu.csv
State-space: Global-local residual,non_overlap,27,270,0.1937996966066992,0.1325287437499844,experiment/artifacts/scratch/world_model_state_space_v1/global_local_ablation_20260422_farm0p00_val_rmse/train_outputs/global_local_residual_farm0p00_val_rmse_pu.csv
State-space: Global-local residual,non_overlap,28,280,0.1958455043957474,0.13383805357632197,experiment/artifacts/scratch/world_model_state_space_v1/global_local_ablation_20260422_farm0p00_val_rmse/train_outputs/global_local_residual_farm0p00_val_rmse_pu.csv
State-space: Global-local residual,non_overlap,29,290,0.1989737490632559,0.13603233210813795,experiment/artifacts/scratch/world_model_state_space_v1/global_local_ablation_20260422_farm0p00_val_rmse/train_outputs/global_local_residual_farm0p00_val_rmse_pu.csv
State-space: Global-local residual,non_overlap,30,300,0.2008036765416712,0.1380717280205032,experiment/artifacts/scratch/world_model_state_space_v1/global_local_ablation_20260422_farm0p00_val_rmse/train_outputs/global_local_residual_farm0p00_val_rmse_pu.csv
State-space: Global-local residual,non_overlap,31,310,0.2022768766550137,0.13880082628305773,experiment/artifacts/scratch/world_model_state_space_v1/global_local_ablation_20260422_farm0p00_val_rmse/train_outputs/global_local_residual_farm0p00_val_rmse_pu.csv
State-space: Global-local residual,non_overlap,32,320,0.20344934534727557,0.1400385611634454,experiment/artifacts/scratch/world_model_state_space_v1/global_local_ablation_20260422_farm0p00_val_rmse/train_outputs/global_local_residual_farm0p00_val_rmse_pu.csv
State-space: Global-local residual,non_overlap,33,330,0.2060954787240561,0.1417446051232699,experiment/artifacts/scratch/world_model_state_space_v1/global_local_ablation_20260422_farm0p00_val_rmse/train_outputs/global_local_residual_farm0p00_val_rmse_pu.csv
State-space: Global-local residual,non_overlap,34,340,0.2059446374038957,0.1424570135977709,experiment/artifacts/scratch/world_model_state_space_v1/global_local_ablation_20260422_farm0p00_val_rmse/train_outputs/global_local_residual_farm0p00_val_rmse_pu.csv
State-space: Global-local residual,non_overlap,35,350,0.20843441953084108,0.14412040401162604,experiment/artifacts/scratch/world_model_state_space_v1/global_local_ablation_20260422_farm0p00_val_rmse/train_outputs/global_local_residual_farm0p00_val_rmse_pu.csv
State-space: Global-local residual,non_overlap,36,360,0.20939916665813962,0.1451403639224795,experiment/artifacts/scratch/world_model_state_space_v1/global_local_ablation_20260422_farm0p00_val_rmse/train_outputs/global_local_residual_farm0p00_val_rmse_pu.csv
State-space: Global-local increment,rolling_origin_no_refit,1,10,0.07303059186157652,0.044656331279369695,experiment/artifacts/scratch/world_model_state_space_v1/global_local_ablation_20260422_farm0p00_val_rmse/train_outputs/global_local_increment_farm0p00_val_rmse_pu.csv
State-space: Global-local increment,rolling_origin_no_refit,2,20,0.09457268530926219,0.059024146104970254,experiment/artifacts/scratch/world_model_state_space_v1/global_local_ablation_20260422_farm0p00_val_rmse/train_outputs/global_local_increment_farm0p00_val_rmse_pu.csv
State-space: Global-local increment,rolling_origin_no_refit,3,30,0.10640086359460037,0.06733016878141598,experiment/artifacts/scratch/world_model_state_space_v1/global_local_ablation_20260422_farm0p00_val_rmse/train_outputs/global_local_increment_farm0p00_val_rmse_pu.csv
State-space: Global-local increment,rolling_origin_no_refit,4,40,0.11511472628109795,0.07356641397403223,experiment/artifacts/scratch/world_model_state_space_v1/global_local_ablation_20260422_farm0p00_val_rmse/train_outputs/global_local_increment_farm0p00_val_rmse_pu.csv
State-space: Global-local increment,rolling_origin_no_refit,5,50,0.12218938357070594,0.07869672408200805,experiment/artifacts/scratch/world_model_state_space_v1/global_local_ablation_20260422_farm0p00_val_rmse/train_outputs/global_local_increment_farm0p00_val_rmse_pu.csv
State-space: Global-local increment,rolling_origin_no_refit,6,60,0.1282186731687795,0.08321719263941527,experiment/artifacts/scratch/world_model_state_space_v1/global_local_ablation_20260422_farm0p00_val_rmse/train_outputs/global_local_increment_farm0p00_val_rmse_pu.csv
State-space: Global-local increment,rolling_origin_no_refit,7,70,0.13403766665613034,0.0873487981186413,experiment/artifacts/scratch/world_model_state_space_v1/global_local_ablation_20260422_farm0p00_val_rmse/train_outputs/global_local_increment_farm0p00_val_rmse_pu.csv
State-space: Global-local increment,rolling_origin_no_refit,8,80,0.13924310944811077,0.09122306982226619,experiment/artifacts/scratch/world_model_state_space_v1/global_local_ablation_20260422_farm0p00_val_rmse/train_outputs/global_local_increment_farm0p00_val_rmse_pu.csv
State-space: Global-local increment,rolling_origin_no_refit,9,90,0.1441072728480051,0.09487513670391103,experiment/artifacts/scratch/world_model_state_space_v1/global_local_ablation_20260422_farm0p00_val_rmse/train_outputs/global_local_increment_farm0p00_val_rmse_pu.csv
State-space: Global-local increment,rolling_origin_no_refit,10,100,0.149470499387403,0.09844770574506706,experiment/artifacts/scratch/world_model_state_space_v1/global_local_ablation_20260422_farm0p00_val_rmse/train_outputs/global_local_increment_farm0p00_val_rmse_pu.csv
State-space: Global-local increment,rolling_origin_no_refit,11,110,0.15304083684737393,0.10134519254334834,experiment/artifacts/scratch/world_model_state_space_v1/global_local_ablation_20260422_farm0p00_val_rmse/train_outputs/global_local_increment_farm0p00_val_rmse_pu.csv
State-space: Global-local increment,rolling_origin_no_refit,12,120,0.15717668225358253,0.10441488750662699,experiment/artifacts/scratch/world_model_state_space_v1/global_local_ablation_20260422_farm0p00_val_rmse/train_outputs/global_local_increment_farm0p00_val_rmse_pu.csv
State-space: Global-local increment,rolling_origin_no_refit,13,130,0.16330235868056225,0.10816094285604697,experiment/artifacts/scratch/world_model_state_space_v1/global_local_ablation_20260422_farm0p00_val_rmse/train_outputs/global_local_increment_farm0p00_val_rmse_pu.csv
State-space: Global-local increment,rolling_origin_no_refit,14,140,0.16518909001810622,0.11027353168581341,experiment/artifacts/scratch/world_model_state_space_v1/global_local_ablation_20260422_farm0p00_val_rmse/train_outputs/global_local_increment_farm0p00_val_rmse_pu.csv
State-space: Global-local increment,rolling_origin_no_refit,15,150,0.16880551902569352,0.11276759647916546,experiment/artifacts/scratch/world_model_state_space_v1/global_local_ablation_20260422_farm0p00_val_rmse/train_outputs/global_local_increment_farm0p00_val_rmse_pu.csv
State-space: Global-local increment,rolling_origin_no_refit,16,160,0.17258834308084847,0.11522859830573814,experiment/artifacts/scratch/world_model_state_space_v1/global_local_ablation_20260422_farm0p00_val_rmse/train_outputs/global_local_increment_farm0p00_val_rmse_pu.csv
State-space: Global-local increment,rolling_origin_no_refit,17,170,0.17629264120796345,0.11777891953212627,experiment/artifacts/scratch/world_model_state_space_v1/global_local_ablation_20260422_farm0p00_val_rmse/train_outputs/global_local_increment_farm0p00_val_rmse_pu.csv
State-space: Global-local increment,rolling_origin_no_refit,18,180,0.17908799482918514,0.12040670388183529,experiment/artifacts/scratch/world_model_state_space_v1/global_local_ablation_20260422_farm0p00_val_rmse/train_outputs/global_local_increment_farm0p00_val_rmse_pu.csv
State-space: Global-local increment,rolling_origin_no_refit,19,190,0.18471482310935483,0.12343349008120562,experiment/artifacts/scratch/world_model_state_space_v1/global_local_ablation_20260422_farm0p00_val_rmse/train_outputs/global_local_increment_farm0p00_val_rmse_pu.csv
State-space: Global-local increment,rolling_origin_no_refit,20,200,0.1857581807586192,0.1250392138688976,experiment/artifacts/scratch/world_model_state_space_v1/global_local_ablation_20260422_farm0p00_val_rmse/train_outputs/global_local_increment_farm0p00_val_rmse_pu.csv
State-space: Global-local increment,rolling_origin_no_refit,21,210,0.1887228486200453,0.1271908598302242,experiment/artifacts/scratch/world_model_state_space_v1/global_local_ablation_20260422_farm0p00_val_rmse/train_outputs/global_local_increment_farm0p00_val_rmse_pu.csv
State-space: Global-local increment,rolling_origin_no_refit,22,220,0.191497700254054,0.1294426962279164,experiment/artifacts/scratch/world_model_state_space_v1/global_local_ablation_20260422_farm0p00_val_rmse/train_outputs/global_local_increment_farm0p00_val_rmse_pu.csv
State-space: Global-local increment,rolling_origin_no_refit,23,230,0.19841852939908364,0.1335228415042788,experiment/artifacts/scratch/world_model_state_space_v1/global_local_ablation_20260422_farm0p00_val_rmse/train_outputs/global_local_increment_farm0p00_val_rmse_pu.csv
State-space: Global-local increment,rolling_origin_no_refit,24,240,0.1977142756074318,0.13406965178062014,experiment/artifacts/scratch/world_model_state_space_v1/global_local_ablation_20260422_farm0p00_val_rmse/train_outputs/global_local_increment_farm0p00_val_rmse_pu.csv
State-space: Global-local increment,rolling_origin_no_refit,25,250,0.20003196145767516,0.13587394903698502,experiment/artifacts/scratch/world_model_state_space_v1/global_local_ablation_20260422_farm0p00_val_rmse/train_outputs/global_local_increment_farm0p00_val_rmse_pu.csv
State-space: Global-local increment,rolling_origin_no_refit,26,260,0.20253936612193468,0.13776073429259228,experiment/artifacts/scratch/world_model_state_space_v1/global_local_ablation_20260422_farm0p00_val_rmse/train_outputs/global_local_increment_farm0p00_val_rmse_pu.csv
State-space: Global-local increment,rolling_origin_no_refit,27,270,0.20534411258352242,0.13971709726139692,experiment/artifacts/scratch/world_model_state_space_v1/global_local_ablation_20260422_farm0p00_val_rmse/train_outputs/global_local_increment_farm0p00_val_rmse_pu.csv
State-space: Global-local increment,rolling_origin_no_refit,28,280,0.20775800388458948,0.14166199587822662,experiment/artifacts/scratch/world_model_state_space_v1/global_local_ablation_20260422_farm0p00_val_rmse/train_outputs/global_local_increment_farm0p00_val_rmse_pu.csv
State-space: Global-local increment,rolling_origin_no_refit,29,290,0.21003768732764236,0.14357725521425305,experiment/artifacts/scratch/world_model_state_space_v1/global_local_ablation_20260422_farm0p00_val_rmse/train_outputs/global_local_increment_farm0p00_val_rmse_pu.csv
State-space: Global-local increment,rolling_origin_no_refit,30,300,0.2173129027030264,0.14761017733024512,experiment/artifacts/scratch/world_model_state_space_v1/global_local_ablation_20260422_farm0p00_val_rmse/train_outputs/global_local_increment_farm0p00_val_rmse_pu.csv
State-space: Global-local increment,rolling_origin_no_refit,31,310,0.21529012325098462,0.14744738352205405,experiment/artifacts/scratch/world_model_state_space_v1/global_local_ablation_20260422_farm0p00_val_rmse/train_outputs/global_local_increment_farm0p00_val_rmse_pu.csv
State-space: Global-local increment,rolling_origin_no_refit,32,320,0.21726402571708642,0.14889238847187464,experiment/artifacts/scratch/world_model_state_space_v1/global_local_ablation_20260422_farm0p00_val_rmse/train_outputs/global_local_increment_farm0p00_val_rmse_pu.csv
State-space: Global-local increment,rolling_origin_no_refit,33,330,0.2193757601357177,0.15048465624076543,experiment/artifacts/scratch/world_model_state_space_v1/global_local_ablation_20260422_farm0p00_val_rmse/train_outputs/global_local_increment_farm0p00_val_rmse_pu.csv
State-space: Global-local increment,rolling_origin_no_refit,34,340,0.22165619552558696,0.15220586129134903,experiment/artifacts/scratch/world_model_state_space_v1/global_local_ablation_20260422_farm0p00_val_rmse/train_outputs/global_local_increment_farm0p00_val_rmse_pu.csv
State-space: Global-local increment,rolling_origin_no_refit,35,350,0.22381363950476282,0.15387182159192478,experiment/artifacts/scratch/world_model_state_space_v1/global_local_ablation_20260422_farm0p00_val_rmse/train_outputs/global_local_increment_farm0p00_val_rmse_pu.csv
State-space: Global-local increment,rolling_origin_no_refit,36,360,0.2259294457443547,0.15553796363881234,experiment/artifacts/scratch/world_model_state_space_v1/global_local_ablation_20260422_farm0p00_val_rmse/train_outputs/global_local_increment_farm0p00_val_rmse_pu.csv
State-space: Global-local increment,non_overlap,1,10,0.07357080715117666,0.04506053395079593,experiment/artifacts/scratch/world_model_state_space_v1/global_local_ablation_20260422_farm0p00_val_rmse/train_outputs/global_local_increment_farm0p00_val_rmse_pu.csv
State-space: Global-local increment,non_overlap,2,20,0.09561538589550098,0.05958800625918234,experiment/artifacts/scratch/world_model_state_space_v1/global_local_ablation_20260422_farm0p00_val_rmse/train_outputs/global_local_increment_farm0p00_val_rmse_pu.csv
State-space: Global-local increment,non_overlap,3,30,0.10550427430907801,0.06674458377479175,experiment/artifacts/scratch/world_model_state_space_v1/global_local_ablation_20260422_farm0p00_val_rmse/train_outputs/global_local_increment_farm0p00_val_rmse_pu.csv
State-space: Global-local increment,non_overlap,4,40,0.1147821347830208,0.073722231465629,experiment/artifacts/scratch/world_model_state_space_v1/global_local_ablation_20260422_farm0p00_val_rmse/train_outputs/global_local_increment_farm0p00_val_rmse_pu.csv
State-space: Global-local increment,non_overlap,5,50,0.12166536649618678,0.07912061069283016,experiment/artifacts/scratch/world_model_state_space_v1/global_local_ablation_20260422_farm0p00_val_rmse/train_outputs/global_local_increment_farm0p00_val_rmse_pu.csv
State-space: Global-local increment,non_overlap,6,60,0.12862463021261233,0.08438700407524947,experiment/artifacts/scratch/world_model_state_space_v1/global_local_ablation_20260422_farm0p00_val_rmse/train_outputs/global_local_increment_farm0p00_val_rmse_pu.csv
State-space: Global-local increment,non_overlap,7,70,0.1333792244388854,0.08732772862194782,experiment/artifacts/scratch/world_model_state_space_v1/global_local_ablation_20260422_farm0p00_val_rmse/train_outputs/global_local_increment_farm0p00_val_rmse_pu.csv
State-space: Global-local increment,non_overlap,8,80,0.1368622093452558,0.09044754451905077,experiment/artifacts/scratch/world_model_state_space_v1/global_local_ablation_20260422_farm0p00_val_rmse/train_outputs/global_local_increment_farm0p00_val_rmse_pu.csv
State-space: Global-local increment,non_overlap,9,90,0.14081300187319942,0.09365977058539725,experiment/artifacts/scratch/world_model_state_space_v1/global_local_ablation_20260422_farm0p00_val_rmse/train_outputs/global_local_increment_farm0p00_val_rmse_pu.csv
State-space: Global-local increment,non_overlap,10,100,0.14749021793272749,0.09842990732408949,experiment/artifacts/scratch/world_model_state_space_v1/global_local_ablation_20260422_farm0p00_val_rmse/train_outputs/global_local_increment_farm0p00_val_rmse_pu.csv
State-space: Global-local increment,non_overlap,11,110,0.15511420472526236,0.10307630844096743,experiment/artifacts/scratch/world_model_state_space_v1/global_local_ablation_20260422_farm0p00_val_rmse/train_outputs/global_local_increment_farm0p00_val_rmse_pu.csv
State-space: Global-local increment,non_overlap,12,120,0.15887710942390398,0.10581523491474815,experiment/artifacts/scratch/world_model_state_space_v1/global_local_ablation_20260422_farm0p00_val_rmse/train_outputs/global_local_increment_farm0p00_val_rmse_pu.csv
State-space: Global-local increment,non_overlap,13,130,0.16362950900091108,0.10883558704572789,experiment/artifacts/scratch/world_model_state_space_v1/global_local_ablation_20260422_farm0p00_val_rmse/train_outputs/global_local_increment_farm0p00_val_rmse_pu.csv
State-space: Global-local increment,non_overlap,14,140,0.16455592450759365,0.10955590531896053,experiment/artifacts/scratch/world_model_state_space_v1/global_local_ablation_20260422_farm0p00_val_rmse/train_outputs/global_local_increment_farm0p00_val_rmse_pu.csv
State-space: Global-local increment,non_overlap,15,150,0.16694351524696976,0.11189265852460646,experiment/artifacts/scratch/world_model_state_space_v1/global_local_ablation_20260422_farm0p00_val_rmse/train_outputs/global_local_increment_farm0p00_val_rmse_pu.csv
State-space: Global-local increment,non_overlap,16,160,0.16968989500406595,0.11422184887065191,experiment/artifacts/scratch/world_model_state_space_v1/global_local_ablation_20260422_farm0p00_val_rmse/train_outputs/global_local_increment_farm0p00_val_rmse_pu.csv
State-space: Global-local increment,non_overlap,17,170,0.17515946965146045,0.11704241186170966,experiment/artifacts/scratch/world_model_state_space_v1/global_local_ablation_20260422_farm0p00_val_rmse/train_outputs/global_local_increment_farm0p00_val_rmse_pu.csv
State-space: Global-local increment,non_overlap,18,180,0.17786840356326802,0.11889129226324863,experiment/artifacts/scratch/world_model_state_space_v1/global_local_ablation_20260422_farm0p00_val_rmse/train_outputs/global_local_increment_farm0p00_val_rmse_pu.csv
State-space: Global-local increment,non_overlap,19,190,0.18344954094578955,0.12275731776074612,experiment/artifacts/scratch/world_model_state_space_v1/global_local_ablation_20260422_farm0p00_val_rmse/train_outputs/global_local_increment_farm0p00_val_rmse_pu.csv
State-space: Global-local increment,non_overlap,20,200,0.18448738185819896,0.12380871333353623,experiment/artifacts/scratch/world_model_state_space_v1/global_local_ablation_20260422_farm0p00_val_rmse/train_outputs/global_local_increment_farm0p00_val_rmse_pu.csv
State-space: Global-local increment,non_overlap,21,210,0.18632009105043498,0.12551105371859272,experiment/artifacts/scratch/world_model_state_space_v1/global_local_ablation_20260422_farm0p00_val_rmse/train_outputs/global_local_increment_farm0p00_val_rmse_pu.csv
State-space: Global-local increment,non_overlap,22,220,0.18949851341624913,0.1282167727155756,experiment/artifacts/scratch/world_model_state_space_v1/global_local_ablation_20260422_farm0p00_val_rmse/train_outputs/global_local_increment_farm0p00_val_rmse_pu.csv
State-space: Global-local increment,non_overlap,23,230,0.1951178022614359,0.1315837222618726,experiment/artifacts/scratch/world_model_state_space_v1/global_local_ablation_20260422_farm0p00_val_rmse/train_outputs/global_local_increment_farm0p00_val_rmse_pu.csv
State-space: Global-local increment,non_overlap,24,240,0.19477851303540944,0.13220123574542067,experiment/artifacts/scratch/world_model_state_space_v1/global_local_ablation_20260422_farm0p00_val_rmse/train_outputs/global_local_increment_farm0p00_val_rmse_pu.csv
State-space: Global-local increment,non_overlap,25,250,0.19853462394257104,0.13521469616099743,experiment/artifacts/scratch/world_model_state_space_v1/global_local_ablation_20260422_farm0p00_val_rmse/train_outputs/global_local_increment_farm0p00_val_rmse_pu.csv
State-space: Global-local increment,non_overlap,26,260,0.19851850796311227,0.1360162846752621,experiment/artifacts/scratch/world_model_state_space_v1/global_local_ablation_20260422_farm0p00_val_rmse/train_outputs/global_local_increment_farm0p00_val_rmse_pu.csv
State-space: Global-local increment,non_overlap,27,270,0.2040964324761201,0.1397079462903093,experiment/artifacts/scratch/world_model_state_space_v1/global_local_ablation_20260422_farm0p00_val_rmse/train_outputs/global_local_increment_farm0p00_val_rmse_pu.csv
State-space: Global-local increment,non_overlap,28,280,0.20596111522692578,0.14112145803630025,experiment/artifacts/scratch/world_model_state_space_v1/global_local_ablation_20260422_farm0p00_val_rmse/train_outputs/global_local_increment_farm0p00_val_rmse_pu.csv
State-space: Global-local increment,non_overlap,29,290,0.20901602676620107,0.1431981050823628,experiment/artifacts/scratch/world_model_state_space_v1/global_local_ablation_20260422_farm0p00_val_rmse/train_outputs/global_local_increment_farm0p00_val_rmse_pu.csv
State-space: Global-local increment,non_overlap,30,300,0.21486413610938412,0.1462486793960209,experiment/artifacts/scratch/world_model_state_space_v1/global_local_ablation_20260422_farm0p00_val_rmse/train_outputs/global_local_increment_farm0p00_val_rmse_pu.csv
State-space: Global-local increment,non_overlap,31,310,0.21359275618384588,0.14632494340170954,experiment/artifacts/scratch/world_model_state_space_v1/global_local_ablation_20260422_farm0p00_val_rmse/train_outputs/global_local_increment_farm0p00_val_rmse_pu.csv
State-space: Global-local increment,non_overlap,32,320,0.21551823690402908,0.1476510167730719,experiment/artifacts/scratch/world_model_state_space_v1/global_local_ablation_20260422_farm0p00_val_rmse/train_outputs/global_local_increment_farm0p00_val_rmse_pu.csv
State-space: Global-local increment,non_overlap,33,330,0.21829436066665941,0.14961068830993648,experiment/artifacts/scratch/world_model_state_space_v1/global_local_ablation_20260422_farm0p00_val_rmse/train_outputs/global_local_increment_farm0p00_val_rmse_pu.csv
State-space: Global-local increment,non_overlap,34,340,0.21924801009116907,0.1508602009852159,experiment/artifacts/scratch/world_model_state_space_v1/global_local_ablation_20260422_farm0p00_val_rmse/train_outputs/global_local_increment_farm0p00_val_rmse_pu.csv
State-space: Global-local increment,non_overlap,35,350,0.22204147859108853,0.15251337008529833,experiment/artifacts/scratch/world_model_state_space_v1/global_local_ablation_20260422_farm0p00_val_rmse/train_outputs/global_local_increment_farm0p00_val_rmse_pu.csv
State-space: Global-local increment,non_overlap,36,360,0.22300342642575394,0.1531794723283813,experiment/artifacts/scratch/world_model_state_space_v1/global_local_ablation_20260422_farm0p00_val_rmse/train_outputs/global_local_increment_farm0p00_val_rmse_pu.csv
State-space: Ramp v2 residual (0.00),rolling_origin_no_refit,1,10,0.0732072893028869,0.045719396912964824,experiment/artifacts/scratch/world_model_state_space_v1/ramp_v2_ablation_20260422_residual_farm0p00_val_rmse/train_outputs/residual_farm0p00_ramp0p00_val_rmse_pu.csv
State-space: Ramp v2 residual (0.00),rolling_origin_no_refit,2,20,0.09388505563759483,0.05894862199230669,experiment/artifacts/scratch/world_model_state_space_v1/ramp_v2_ablation_20260422_residual_farm0p00_val_rmse/train_outputs/residual_farm0p00_ramp0p00_val_rmse_pu.csv
State-space: Ramp v2 residual (0.00),rolling_origin_no_refit,3,30,0.10565002289404167,0.06674534951133387,experiment/artifacts/scratch/world_model_state_space_v1/ramp_v2_ablation_20260422_residual_farm0p00_val_rmse/train_outputs/residual_farm0p00_ramp0p00_val_rmse_pu.csv
State-space: Ramp v2 residual (0.00),rolling_origin_no_refit,4,40,0.11427826126490515,0.07268660492170381,experiment/artifacts/scratch/world_model_state_space_v1/ramp_v2_ablation_20260422_residual_farm0p00_val_rmse/train_outputs/residual_farm0p00_ramp0p00_val_rmse_pu.csv
State-space: Ramp v2 residual (0.00),rolling_origin_no_refit,5,50,0.1207948836210626,0.07754107960873936,experiment/artifacts/scratch/world_model_state_space_v1/ramp_v2_ablation_20260422_residual_farm0p00_val_rmse/train_outputs/residual_farm0p00_ramp0p00_val_rmse_pu.csv
State-space: Ramp v2 residual (0.00),rolling_origin_no_refit,6,60,0.12654199853339493,0.08162126705603664,experiment/artifacts/scratch/world_model_state_space_v1/ramp_v2_ablation_20260422_residual_farm0p00_val_rmse/train_outputs/residual_farm0p00_ramp0p00_val_rmse_pu.csv
State-space: Ramp v2 residual (0.00),rolling_origin_no_refit,7,70,0.13167536448543074,0.085536665290838,experiment/artifacts/scratch/world_model_state_space_v1/ramp_v2_ablation_20260422_residual_farm0p00_val_rmse/train_outputs/residual_farm0p00_ramp0p00_val_rmse_pu.csv
State-space: Ramp v2 residual (0.00),rolling_origin_no_refit,8,80,0.13646285755474008,0.08893459265917199,experiment/artifacts/scratch/world_model_state_space_v1/ramp_v2_ablation_20260422_residual_farm0p00_val_rmse/train_outputs/residual_farm0p00_ramp0p00_val_rmse_pu.csv
State-space: Ramp v2 residual (0.00),rolling_origin_no_refit,9,90,0.1408838417165813,0.0921523254761988,experiment/artifacts/scratch/world_model_state_space_v1/ramp_v2_ablation_20260422_residual_farm0p00_val_rmse/train_outputs/residual_farm0p00_ramp0p00_val_rmse_pu.csv
State-space: Ramp v2 residual (0.00),rolling_origin_no_refit,10,100,0.14487194900083175,0.09519950181641379,experiment/artifacts/scratch/world_model_state_space_v1/ramp_v2_ablation_20260422_residual_farm0p00_val_rmse/train_outputs/residual_farm0p00_ramp0p00_val_rmse_pu.csv
State-space: Ramp v2 residual (0.00),rolling_origin_no_refit,11,110,0.14873115818991559,0.09796855268954203,experiment/artifacts/scratch/world_model_state_space_v1/ramp_v2_ablation_20260422_residual_farm0p00_val_rmse/train_outputs/residual_farm0p00_ramp0p00_val_rmse_pu.csv
State-space: Ramp v2 residual (0.00),rolling_origin_no_refit,12,120,0.152357809214435,0.10051476172889809,experiment/artifacts/scratch/world_model_state_space_v1/ramp_v2_ablation_20260422_residual_farm0p00_val_rmse/train_outputs/residual_farm0p00_ramp0p00_val_rmse_pu.csv
State-space: Ramp v2 residual (0.00),rolling_origin_no_refit,13,130,0.15593797676923649,0.10327960924081066,experiment/artifacts/scratch/world_model_state_space_v1/ramp_v2_ablation_20260422_residual_farm0p00_val_rmse/train_outputs/residual_farm0p00_ramp0p00_val_rmse_pu.csv
State-space: Ramp v2 residual (0.00),rolling_origin_no_refit,14,140,0.15917663043738756,0.10540710947368838,experiment/artifacts/scratch/world_model_state_space_v1/ramp_v2_ablation_20260422_residual_farm0p00_val_rmse/train_outputs/residual_farm0p00_ramp0p00_val_rmse_pu.csv
State-space: Ramp v2 residual (0.00),rolling_origin_no_refit,15,150,0.16242484034792357,0.10784069465231394,experiment/artifacts/scratch/world_model_state_space_v1/ramp_v2_ablation_20260422_residual_farm0p00_val_rmse/train_outputs/residual_farm0p00_ramp0p00_val_rmse_pu.csv
State-space: Ramp v2 residual (0.00),rolling_origin_no_refit,16,160,0.165421273501857,0.11007229126741781,experiment/artifacts/scratch/world_model_state_space_v1/ramp_v2_ablation_20260422_residual_farm0p00_val_rmse/train_outputs/residual_farm0p00_ramp0p00_val_rmse_pu.csv
State-space: Ramp v2 residual (0.00),rolling_origin_no_refit,17,170,0.16850458562132228,0.11234088072855392,experiment/artifacts/scratch/world_model_state_space_v1/ramp_v2_ablation_20260422_residual_farm0p00_val_rmse/train_outputs/residual_farm0p00_ramp0p00_val_rmse_pu.csv
State-space: Ramp v2 residual (0.00),rolling_origin_no_refit,18,180,0.1714588036099988,0.11455811024595793,experiment/artifacts/scratch/world_model_state_space_v1/ramp_v2_ablation_20260422_residual_farm0p00_val_rmse/train_outputs/residual_farm0p00_ramp0p00_val_rmse_pu.csv
State-space: Ramp v2 residual (0.00),rolling_origin_no_refit,19,190,0.17428737743861844,0.11674022957830983,experiment/artifacts/scratch/world_model_state_space_v1/ramp_v2_ablation_20260422_residual_farm0p00_val_rmse/train_outputs/residual_farm0p00_ramp0p00_val_rmse_pu.csv
State-space: Ramp v2 residual (0.00),rolling_origin_no_refit,20,200,0.1770558600657762,0.11881478903915811,experiment/artifacts/scratch/world_model_state_space_v1/ramp_v2_ablation_20260422_residual_farm0p00_val_rmse/train_outputs/residual_farm0p00_ramp0p00_val_rmse_pu.csv
State-space: Ramp v2 residual (0.00),rolling_origin_no_refit,21,210,0.1793803963006481,0.12062217781604888,experiment/artifacts/scratch/world_model_state_space_v1/ramp_v2_ablation_20260422_residual_farm0p00_val_rmse/train_outputs/residual_farm0p00_ramp0p00_val_rmse_pu.csv
State-space: Ramp v2 residual (0.00),rolling_origin_no_refit,22,220,0.18210139817629972,0.12274725390340126,experiment/artifacts/scratch/world_model_state_space_v1/ramp_v2_ablation_20260422_residual_farm0p00_val_rmse/train_outputs/residual_farm0p00_ramp0p00_val_rmse_pu.csv
State-space: Ramp v2 residual (0.00),rolling_origin_no_refit,23,230,0.18444833722461088,0.12457513019852005,experiment/artifacts/scratch/world_model_state_space_v1/ramp_v2_ablation_20260422_residual_farm0p00_val_rmse/train_outputs/residual_farm0p00_ramp0p00_val_rmse_pu.csv
State-space: Ramp v2 residual (0.00),rolling_origin_no_refit,24,240,0.18687642817331176,0.12646176150383273,experiment/artifacts/scratch/world_model_state_space_v1/ramp_v2_ablation_20260422_residual_farm0p00_val_rmse/train_outputs/residual_farm0p00_ramp0p00_val_rmse_pu.csv
State-space: Ramp v2 residual (0.00),rolling_origin_no_refit,25,250,0.18904830637196096,0.12818956943100435,experiment/artifacts/scratch/world_model_state_space_v1/ramp_v2_ablation_20260422_residual_farm0p00_val_rmse/train_outputs/residual_farm0p00_ramp0p00_val_rmse_pu.csv
State-space: Ramp v2 residual (0.00),rolling_origin_no_refit,26,260,0.19130715678858287,0.1299726500800824,experiment/artifacts/scratch/world_model_state_space_v1/ramp_v2_ablation_20260422_residual_farm0p00_val_rmse/train_outputs/residual_farm0p00_ramp0p00_val_rmse_pu.csv
State-space: Ramp v2 residual (0.00),rolling_origin_no_refit,27,270,0.1933495291679829,0.13161494325240883,experiment/artifacts/scratch/world_model_state_space_v1/ramp_v2_ablation_20260422_residual_farm0p00_val_rmse/train_outputs/residual_farm0p00_ramp0p00_val_rmse_pu.csv
State-space: Ramp v2 residual (0.00),rolling_origin_no_refit,28,280,0.19564527210959734,0.1333135431733655,experiment/artifacts/scratch/world_model_state_space_v1/ramp_v2_ablation_20260422_residual_farm0p00_val_rmse/train_outputs/residual_farm0p00_ramp0p00_val_rmse_pu.csv
State-space: Ramp v2 residual (0.00),rolling_origin_no_refit,29,290,0.19737522455696155,0.13461746677576492,experiment/artifacts/scratch/world_model_state_space_v1/ramp_v2_ablation_20260422_residual_farm0p00_val_rmse/train_outputs/residual_farm0p00_ramp0p00_val_rmse_pu.csv
State-space: Ramp v2 residual (0.00),rolling_origin_no_refit,30,300,0.19967474963993465,0.13645098150211404,experiment/artifacts/scratch/world_model_state_space_v1/ramp_v2_ablation_20260422_residual_farm0p00_val_rmse/train_outputs/residual_farm0p00_ramp0p00_val_rmse_pu.csv
State-space: Ramp v2 residual (0.00),rolling_origin_no_refit,31,310,0.20146592360240345,0.13787479209363804,experiment/artifacts/scratch/world_model_state_space_v1/ramp_v2_ablation_20260422_residual_farm0p00_val_rmse/train_outputs/residual_farm0p00_ramp0p00_val_rmse_pu.csv
State-space: Ramp v2 residual (0.00),rolling_origin_no_refit,32,320,0.20323979989760452,0.13926493909711735,experiment/artifacts/scratch/world_model_state_space_v1/ramp_v2_ablation_20260422_residual_farm0p00_val_rmse/train_outputs/residual_farm0p00_ramp0p00_val_rmse_pu.csv
State-space: Ramp v2 residual (0.00),rolling_origin_no_refit,33,330,0.2051974839242487,0.1407530603846572,experiment/artifacts/scratch/world_model_state_space_v1/ramp_v2_ablation_20260422_residual_farm0p00_val_rmse/train_outputs/residual_farm0p00_ramp0p00_val_rmse_pu.csv
State-space: Ramp v2 residual (0.00),rolling_origin_no_refit,34,340,0.20685396950763668,0.1421613644650083,experiment/artifacts/scratch/world_model_state_space_v1/ramp_v2_ablation_20260422_residual_farm0p00_val_rmse/train_outputs/residual_farm0p00_ramp0p00_val_rmse_pu.csv
State-space: Ramp v2 residual (0.00),rolling_origin_no_refit,35,350,0.20851113794049644,0.14350552946218398,experiment/artifacts/scratch/world_model_state_space_v1/ramp_v2_ablation_20260422_residual_farm0p00_val_rmse/train_outputs/residual_farm0p00_ramp0p00_val_rmse_pu.csv
State-space: Ramp v2 residual (0.00),rolling_origin_no_refit,36,360,0.21043249240080358,0.14491876150783525,experiment/artifacts/scratch/world_model_state_space_v1/ramp_v2_ablation_20260422_residual_farm0p00_val_rmse/train_outputs/residual_farm0p00_ramp0p00_val_rmse_pu.csv
State-space: Ramp v2 residual (0.00),non_overlap,1,10,0.07370595011374294,0.046204764689315864,experiment/artifacts/scratch/world_model_state_space_v1/ramp_v2_ablation_20260422_residual_farm0p00_val_rmse/train_outputs/residual_farm0p00_ramp0p00_val_rmse_pu.csv
State-space: Ramp v2 residual (0.00),non_overlap,2,20,0.09493808372533903,0.05949098889977282,experiment/artifacts/scratch/world_model_state_space_v1/ramp_v2_ablation_20260422_residual_farm0p00_val_rmse/train_outputs/residual_farm0p00_ramp0p00_val_rmse_pu.csv
State-space: Ramp v2 residual (0.00),non_overlap,3,30,0.10499979762702956,0.06616183735727313,experiment/artifacts/scratch/world_model_state_space_v1/ramp_v2_ablation_20260422_residual_farm0p00_val_rmse/train_outputs/residual_farm0p00_ramp0p00_val_rmse_pu.csv
State-space: Ramp v2 residual (0.00),non_overlap,4,40,0.11374497740402721,0.07271232624440728,experiment/artifacts/scratch/world_model_state_space_v1/ramp_v2_ablation_20260422_residual_farm0p00_val_rmse/train_outputs/residual_farm0p00_ramp0p00_val_rmse_pu.csv
State-space: Ramp v2 residual (0.00),non_overlap,5,50,0.11955192183843692,0.07727417840978922,experiment/artifacts/scratch/world_model_state_space_v1/ramp_v2_ablation_20260422_residual_farm0p00_val_rmse/train_outputs/residual_farm0p00_ramp0p00_val_rmse_pu.csv
State-space: Ramp v2 residual (0.00),non_overlap,6,60,0.12584445972923225,0.0821467880234431,experiment/artifacts/scratch/world_model_state_space_v1/ramp_v2_ablation_20260422_residual_farm0p00_val_rmse/train_outputs/residual_farm0p00_ramp0p00_val_rmse_pu.csv
State-space: Ramp v2 residual (0.00),non_overlap,7,70,0.13007779534877636,0.0847942618306413,experiment/artifacts/scratch/world_model_state_space_v1/ramp_v2_ablation_20260422_residual_farm0p00_val_rmse/train_outputs/residual_farm0p00_ramp0p00_val_rmse_pu.csv
State-space: Ramp v2 residual (0.00),non_overlap,8,80,0.1336263009763408,0.08786976028568971,experiment/artifacts/scratch/world_model_state_space_v1/ramp_v2_ablation_20260422_residual_farm0p00_val_rmse/train_outputs/residual_farm0p00_ramp0p00_val_rmse_pu.csv
State-space: Ramp v2 residual (0.00),non_overlap,9,90,0.13698127272740404,0.09031287227821314,experiment/artifacts/scratch/world_model_state_space_v1/ramp_v2_ablation_20260422_residual_farm0p00_val_rmse/train_outputs/residual_farm0p00_ramp0p00_val_rmse_pu.csv
State-space: Ramp v2 residual (0.00),non_overlap,10,100,0.14147436760388668,0.0939538696176157,experiment/artifacts/scratch/world_model_state_space_v1/ramp_v2_ablation_20260422_residual_farm0p00_val_rmse/train_outputs/residual_farm0p00_ramp0p00_val_rmse_pu.csv
State-space: Ramp v2 residual (0.00),non_overlap,11,110,0.1501146118929409,0.09891661882218003,experiment/artifacts/scratch/world_model_state_space_v1/ramp_v2_ablation_20260422_residual_farm0p00_val_rmse/train_outputs/residual_farm0p00_ramp0p00_val_rmse_pu.csv
State-space: Ramp v2 residual (0.00),non_overlap,12,120,0.15346760067102694,0.10154252255235978,experiment/artifacts/scratch/world_model_state_space_v1/ramp_v2_ablation_20260422_residual_farm0p00_val_rmse/train_outputs/residual_farm0p00_ramp0p00_val_rmse_pu.csv
State-space: Ramp v2 residual (0.00),non_overlap,13,130,0.15534834889506394,0.10346066410548689,experiment/artifacts/scratch/world_model_state_space_v1/ramp_v2_ablation_20260422_residual_farm0p00_val_rmse/train_outputs/residual_farm0p00_ramp0p00_val_rmse_pu.csv
State-space: Ramp v2 residual (0.00),non_overlap,14,140,0.15836326472366252,0.1047266924822772,experiment/artifacts/scratch/world_model_state_space_v1/ramp_v2_ablation_20260422_residual_farm0p00_val_rmse/train_outputs/residual_farm0p00_ramp0p00_val_rmse_pu.csv
State-space: Ramp v2 residual (0.00),non_overlap,15,150,0.160287581398567,0.10672719435657108,experiment/artifacts/scratch/world_model_state_space_v1/ramp_v2_ablation_20260422_residual_farm0p00_val_rmse/train_outputs/residual_farm0p00_ramp0p00_val_rmse_pu.csv
State-space: Ramp v2 residual (0.00),non_overlap,16,160,0.1614497932089393,0.10829683246684442,experiment/artifacts/scratch/world_model_state_space_v1/ramp_v2_ablation_20260422_residual_farm0p00_val_rmse/train_outputs/residual_farm0p00_ramp0p00_val_rmse_pu.csv
State-space: Ramp v2 residual (0.00),non_overlap,17,170,0.1660659681254433,0.11043046464160955,experiment/artifacts/scratch/world_model_state_space_v1/ramp_v2_ablation_20260422_residual_farm0p00_val_rmse/train_outputs/residual_farm0p00_ramp0p00_val_rmse_pu.csv
State-space: Ramp v2 residual (0.00),non_overlap,18,180,0.16917865290341394,0.11223547071616413,experiment/artifacts/scratch/world_model_state_space_v1/ramp_v2_ablation_20260422_residual_farm0p00_val_rmse/train_outputs/residual_farm0p00_ramp0p00_val_rmse_pu.csv
State-space: Ramp v2 residual (0.00),non_overlap,19,190,0.171689174146502,0.11482302067523703,experiment/artifacts/scratch/world_model_state_space_v1/ramp_v2_ablation_20260422_residual_farm0p00_val_rmse/train_outputs/residual_farm0p00_ramp0p00_val_rmse_pu.csv
State-space: Ramp v2 residual (0.00),non_overlap,20,200,0.17459626414819307,0.11654859021885565,experiment/artifacts/scratch/world_model_state_space_v1/ramp_v2_ablation_20260422_residual_farm0p00_val_rmse/train_outputs/residual_farm0p00_ramp0p00_val_rmse_pu.csv
State-space: Ramp v2 residual (0.00),non_overlap,21,210,0.17600801215303416,0.11785520771254875,experiment/artifacts/scratch/world_model_state_space_v1/ramp_v2_ablation_20260422_residual_farm0p00_val_rmse/train_outputs/residual_farm0p00_ramp0p00_val_rmse_pu.csv
State-space: Ramp v2 residual (0.00),non_overlap,22,220,0.17927283524901744,0.12062052744537127,experiment/artifacts/scratch/world_model_state_space_v1/ramp_v2_ablation_20260422_residual_farm0p00_val_rmse/train_outputs/residual_farm0p00_ramp0p00_val_rmse_pu.csv
State-space: Ramp v2 residual (0.00),non_overlap,23,230,0.1801873853546709,0.12137520418353535,experiment/artifacts/scratch/world_model_state_space_v1/ramp_v2_ablation_20260422_residual_farm0p00_val_rmse/train_outputs/residual_farm0p00_ramp0p00_val_rmse_pu.csv
State-space: Ramp v2 residual (0.00),non_overlap,24,240,0.1831207224270406,0.12352761576195632,experiment/artifacts/scratch/world_model_state_space_v1/ramp_v2_ablation_20260422_residual_farm0p00_val_rmse/train_outputs/residual_farm0p00_ramp0p00_val_rmse_pu.csv
State-space: Ramp v2 residual (0.00),non_overlap,25,250,0.18765177289535884,0.12704112784175384,experiment/artifacts/scratch/world_model_state_space_v1/ramp_v2_ablation_20260422_residual_farm0p00_val_rmse/train_outputs/residual_farm0p00_ramp0p00_val_rmse_pu.csv
State-space: Ramp v2 residual (0.00),non_overlap,26,260,0.18696503620278956,0.12741985221209234,experiment/artifacts/scratch/world_model_state_space_v1/ramp_v2_ablation_20260422_residual_farm0p00_val_rmse/train_outputs/residual_farm0p00_ramp0p00_val_rmse_pu.csv
State-space: Ramp v2 residual (0.00),non_overlap,27,270,0.1921629354855656,0.13107171032781081,experiment/artifacts/scratch/world_model_state_space_v1/ramp_v2_ablation_20260422_residual_farm0p00_val_rmse/train_outputs/residual_farm0p00_ramp0p00_val_rmse_pu.csv
State-space: Ramp v2 residual (0.00),non_overlap,28,280,0.19434990881563238,0.13243175322991532,experiment/artifacts/scratch/world_model_state_space_v1/ramp_v2_ablation_20260422_residual_farm0p00_val_rmse/train_outputs/residual_farm0p00_ramp0p00_val_rmse_pu.csv
State-space: Ramp v2 residual (0.00),non_overlap,29,290,0.19707597194314158,0.13429157169441852,experiment/artifacts/scratch/world_model_state_space_v1/ramp_v2_ablation_20260422_residual_farm0p00_val_rmse/train_outputs/residual_farm0p00_ramp0p00_val_rmse_pu.csv
State-space: Ramp v2 residual (0.00),non_overlap,30,300,0.19935973264286502,0.1365545150848381,experiment/artifacts/scratch/world_model_state_space_v1/ramp_v2_ablation_20260422_residual_farm0p00_val_rmse/train_outputs/residual_farm0p00_ramp0p00_val_rmse_pu.csv
State-space: Ramp v2 residual (0.00),non_overlap,31,310,0.2008584045221363,0.13740794594577238,experiment/artifacts/scratch/world_model_state_space_v1/ramp_v2_ablation_20260422_residual_farm0p00_val_rmse/train_outputs/residual_farm0p00_ramp0p00_val_rmse_pu.csv
State-space: Ramp v2 residual (0.00),non_overlap,32,320,0.20215086048356937,0.13875649143409924,experiment/artifacts/scratch/world_model_state_space_v1/ramp_v2_ablation_20260422_residual_farm0p00_val_rmse/train_outputs/residual_farm0p00_ramp0p00_val_rmse_pu.csv
State-space: Ramp v2 residual (0.00),non_overlap,33,330,0.20466451405758526,0.14031468388800314,experiment/artifacts/scratch/world_model_state_space_v1/ramp_v2_ablation_20260422_residual_farm0p00_val_rmse/train_outputs/residual_farm0p00_ramp0p00_val_rmse_pu.csv
State-space: Ramp v2 residual (0.00),non_overlap,34,340,0.20447046390583826,0.14054431881188617,experiment/artifacts/scratch/world_model_state_space_v1/ramp_v2_ablation_20260422_residual_farm0p00_val_rmse/train_outputs/residual_farm0p00_ramp0p00_val_rmse_pu.csv
State-space: Ramp v2 residual (0.00),non_overlap,35,350,0.2071691833578353,0.14241769742429927,experiment/artifacts/scratch/world_model_state_space_v1/ramp_v2_ablation_20260422_residual_farm0p00_val_rmse/train_outputs/residual_farm0p00_ramp0p00_val_rmse_pu.csv
State-space: Ramp v2 residual (0.00),non_overlap,36,360,0.20806068506096329,0.14288028155318505,experiment/artifacts/scratch/world_model_state_space_v1/ramp_v2_ablation_20260422_residual_farm0p00_val_rmse/train_outputs/residual_farm0p00_ramp0p00_val_rmse_pu.csv
State-space: Ramp v2 residual (0.02),rolling_origin_no_refit,1,10,0.0737822983530019,0.046099929952981254,experiment/artifacts/scratch/world_model_state_space_v1/ramp_v2_ablation_20260422_residual_farm0p00_val_rmse/train_outputs/residual_farm0p00_ramp0p02_val_rmse_pu.csv
State-space: Ramp v2 residual (0.02),rolling_origin_no_refit,2,20,0.09388900072161095,0.05893336710307479,experiment/artifacts/scratch/world_model_state_space_v1/ramp_v2_ablation_20260422_residual_farm0p00_val_rmse/train_outputs/residual_farm0p00_ramp0p02_val_rmse_pu.csv
State-space: Ramp v2 residual (0.02),rolling_origin_no_refit,3,30,0.10539151803372475,0.06665469253726879,experiment/artifacts/scratch/world_model_state_space_v1/ramp_v2_ablation_20260422_residual_farm0p00_val_rmse/train_outputs/residual_farm0p00_ramp0p02_val_rmse_pu.csv
State-space: Ramp v2 residual (0.02),rolling_origin_no_refit,4,40,0.11371139485178616,0.07248180718809763,experiment/artifacts/scratch/world_model_state_space_v1/ramp_v2_ablation_20260422_residual_farm0p00_val_rmse/train_outputs/residual_farm0p00_ramp0p02_val_rmse_pu.csv
State-space: Ramp v2 residual (0.02),rolling_origin_no_refit,5,50,0.1202701112168704,0.07736514524861643,experiment/artifacts/scratch/world_model_state_space_v1/ramp_v2_ablation_20260422_residual_farm0p00_val_rmse/train_outputs/residual_farm0p00_ramp0p02_val_rmse_pu.csv
State-space: Ramp v2 residual (0.02),rolling_origin_no_refit,6,60,0.1259663181926031,0.08142578432318828,experiment/artifacts/scratch/world_model_state_space_v1/ramp_v2_ablation_20260422_residual_farm0p00_val_rmse/train_outputs/residual_farm0p00_ramp0p02_val_rmse_pu.csv
State-space: Ramp v2 residual (0.02),rolling_origin_no_refit,7,70,0.1310874990038963,0.08521871310983485,experiment/artifacts/scratch/world_model_state_space_v1/ramp_v2_ablation_20260422_residual_farm0p00_val_rmse/train_outputs/residual_farm0p00_ramp0p02_val_rmse_pu.csv
State-space: Ramp v2 residual (0.02),rolling_origin_no_refit,8,80,0.1358535599177308,0.08859530745096068,experiment/artifacts/scratch/world_model_state_space_v1/ramp_v2_ablation_20260422_residual_farm0p00_val_rmse/train_outputs/residual_farm0p00_ramp0p02_val_rmse_pu.csv
State-space: Ramp v2 residual (0.02),rolling_origin_no_refit,9,90,0.14024163217609947,0.09177276799927045,experiment/artifacts/scratch/world_model_state_space_v1/ramp_v2_ablation_20260422_residual_farm0p00_val_rmse/train_outputs/residual_farm0p00_ramp0p02_val_rmse_pu.csv
State-space: Ramp v2 residual (0.02),rolling_origin_no_refit,10,100,0.14423779126794015,0.0947307907416614,experiment/artifacts/scratch/world_model_state_space_v1/ramp_v2_ablation_20260422_residual_farm0p00_val_rmse/train_outputs/residual_farm0p00_ramp0p02_val_rmse_pu.csv
State-space: Ramp v2 residual (0.02),rolling_origin_no_refit,11,110,0.14815134885603748,0.09753278758665095,experiment/artifacts/scratch/world_model_state_space_v1/ramp_v2_ablation_20260422_residual_farm0p00_val_rmse/train_outputs/residual_farm0p00_ramp0p02_val_rmse_pu.csv
State-space: Ramp v2 residual (0.02),rolling_origin_no_refit,12,120,0.1516708946355599,0.10003424537647665,experiment/artifacts/scratch/world_model_state_space_v1/ramp_v2_ablation_20260422_residual_farm0p00_val_rmse/train_outputs/residual_farm0p00_ramp0p02_val_rmse_pu.csv
State-space: Ramp v2 residual (0.02),rolling_origin_no_refit,13,130,0.1551499188857534,0.10264195798469357,experiment/artifacts/scratch/world_model_state_space_v1/ramp_v2_ablation_20260422_residual_farm0p00_val_rmse/train_outputs/residual_farm0p00_ramp0p02_val_rmse_pu.csv
State-space: Ramp v2 residual (0.02),rolling_origin_no_refit,14,140,0.158484266917505,0.10488904263666438,experiment/artifacts/scratch/world_model_state_space_v1/ramp_v2_ablation_20260422_residual_farm0p00_val_rmse/train_outputs/residual_farm0p00_ramp0p02_val_rmse_pu.csv
State-space: Ramp v2 residual (0.02),rolling_origin_no_refit,15,150,0.16169181491302312,0.10728732851043883,experiment/artifacts/scratch/world_model_state_space_v1/ramp_v2_ablation_20260422_residual_farm0p00_val_rmse/train_outputs/residual_farm0p00_ramp0p02_val_rmse_pu.csv
State-space: Ramp v2 residual (0.02),rolling_origin_no_refit,16,160,0.16478976740168952,0.1095130905663182,experiment/artifacts/scratch/world_model_state_space_v1/ramp_v2_ablation_20260422_residual_farm0p00_val_rmse/train_outputs/residual_farm0p00_ramp0p02_val_rmse_pu.csv
State-space: Ramp v2 residual (0.02),rolling_origin_no_refit,17,170,0.16779795417569549,0.1117308126123714,experiment/artifacts/scratch/world_model_state_space_v1/ramp_v2_ablation_20260422_residual_farm0p00_val_rmse/train_outputs/residual_farm0p00_ramp0p02_val_rmse_pu.csv
State-space: Ramp v2 residual (0.02),rolling_origin_no_refit,18,180,0.1707069848291119,0.11397263394066898,experiment/artifacts/scratch/world_model_state_space_v1/ramp_v2_ablation_20260422_residual_farm0p00_val_rmse/train_outputs/residual_farm0p00_ramp0p02_val_rmse_pu.csv
State-space: Ramp v2 residual (0.02),rolling_origin_no_refit,19,190,0.1734177788434213,0.11606241022258487,experiment/artifacts/scratch/world_model_state_space_v1/ramp_v2_ablation_20260422_residual_farm0p00_val_rmse/train_outputs/residual_farm0p00_ramp0p02_val_rmse_pu.csv
State-space: Ramp v2 residual (0.02),rolling_origin_no_refit,20,200,0.17619877922395616,0.11819221213345418,experiment/artifacts/scratch/world_model_state_space_v1/ramp_v2_ablation_20260422_residual_farm0p00_val_rmse/train_outputs/residual_farm0p00_ramp0p02_val_rmse_pu.csv
State-space: Ramp v2 residual (0.02),rolling_origin_no_refit,21,210,0.1786468456530535,0.12005572123827836,experiment/artifacts/scratch/world_model_state_space_v1/ramp_v2_ablation_20260422_residual_farm0p00_val_rmse/train_outputs/residual_farm0p00_ramp0p02_val_rmse_pu.csv
State-space: Ramp v2 residual (0.02),rolling_origin_no_refit,22,220,0.18115977278952328,0.122077351636736,experiment/artifacts/scratch/world_model_state_space_v1/ramp_v2_ablation_20260422_residual_farm0p00_val_rmse/train_outputs/residual_farm0p00_ramp0p02_val_rmse_pu.csv
State-space: Ramp v2 residual (0.02),rolling_origin_no_refit,23,230,0.18355337262751303,0.12393271645439019,experiment/artifacts/scratch/world_model_state_space_v1/ramp_v2_ablation_20260422_residual_farm0p00_val_rmse/train_outputs/residual_farm0p00_ramp0p02_val_rmse_pu.csv
State-space: Ramp v2 residual (0.02),rolling_origin_no_refit,24,240,0.18587271501856648,0.1258003056884889,experiment/artifacts/scratch/world_model_state_space_v1/ramp_v2_ablation_20260422_residual_farm0p00_val_rmse/train_outputs/residual_farm0p00_ramp0p02_val_rmse_pu.csv
State-space: Ramp v2 residual (0.02),rolling_origin_no_refit,25,250,0.18818547849390568,0.12756636120597567,experiment/artifacts/scratch/world_model_state_space_v1/ramp_v2_ablation_20260422_residual_farm0p00_val_rmse/train_outputs/residual_farm0p00_ramp0p02_val_rmse_pu.csv
State-space: Ramp v2 residual (0.02),rolling_origin_no_refit,26,260,0.19043057624336293,0.12938147896006255,experiment/artifacts/scratch/world_model_state_space_v1/ramp_v2_ablation_20260422_residual_farm0p00_val_rmse/train_outputs/residual_farm0p00_ramp0p02_val_rmse_pu.csv
State-space: Ramp v2 residual (0.02),rolling_origin_no_refit,27,270,0.19249631183047705,0.13102103560806483,experiment/artifacts/scratch/world_model_state_space_v1/ramp_v2_ablation_20260422_residual_farm0p00_val_rmse/train_outputs/residual_farm0p00_ramp0p02_val_rmse_pu.csv
State-space: Ramp v2 residual (0.02),rolling_origin_no_refit,28,280,0.19468327152099282,0.1327381881089218,experiment/artifacts/scratch/world_model_state_space_v1/ramp_v2_ablation_20260422_residual_farm0p00_val_rmse/train_outputs/residual_farm0p00_ramp0p02_val_rmse_pu.csv
State-space: Ramp v2 residual (0.02),rolling_origin_no_refit,29,290,0.1965206054875968,0.13413388628619013,experiment/artifacts/scratch/world_model_state_space_v1/ramp_v2_ablation_20260422_residual_farm0p00_val_rmse/train_outputs/residual_farm0p00_ramp0p02_val_rmse_pu.csv
State-space: Ramp v2 residual (0.02),rolling_origin_no_refit,30,300,0.1985964448290954,0.13580510529017145,experiment/artifacts/scratch/world_model_state_space_v1/ramp_v2_ablation_20260422_residual_farm0p00_val_rmse/train_outputs/residual_farm0p00_ramp0p02_val_rmse_pu.csv
State-space: Ramp v2 residual (0.02),rolling_origin_no_refit,31,310,0.2004375944754912,0.13735961075243774,experiment/artifacts/scratch/world_model_state_space_v1/ramp_v2_ablation_20260422_residual_farm0p00_val_rmse/train_outputs/residual_farm0p00_ramp0p02_val_rmse_pu.csv
State-space: Ramp v2 residual (0.02),rolling_origin_no_refit,32,320,0.202183427332794,0.13872958015414905,experiment/artifacts/scratch/world_model_state_space_v1/ramp_v2_ablation_20260422_residual_farm0p00_val_rmse/train_outputs/residual_farm0p00_ramp0p02_val_rmse_pu.csv
State-space: Ramp v2 residual (0.02),rolling_origin_no_refit,33,330,0.20398166831938505,0.14016074029945436,experiment/artifacts/scratch/world_model_state_space_v1/ramp_v2_ablation_20260422_residual_farm0p00_val_rmse/train_outputs/residual_farm0p00_ramp0p02_val_rmse_pu.csv
State-space: Ramp v2 residual (0.02),rolling_origin_no_refit,34,340,0.20570341536989606,0.1415609410391656,experiment/artifacts/scratch/world_model_state_space_v1/ramp_v2_ablation_20260422_residual_farm0p00_val_rmse/train_outputs/residual_farm0p00_ramp0p02_val_rmse_pu.csv
State-space: Ramp v2 residual (0.02),rolling_origin_no_refit,35,350,0.20728069265108093,0.14287147671133565,experiment/artifacts/scratch/world_model_state_space_v1/ramp_v2_ablation_20260422_residual_farm0p00_val_rmse/train_outputs/residual_farm0p00_ramp0p02_val_rmse_pu.csv
State-space: Ramp v2 residual (0.02),rolling_origin_no_refit,36,360,0.20908901782293215,0.14429139303281455,experiment/artifacts/scratch/world_model_state_space_v1/ramp_v2_ablation_20260422_residual_farm0p00_val_rmse/train_outputs/residual_farm0p00_ramp0p02_val_rmse_pu.csv
State-space: Ramp v2 residual (0.02),non_overlap,1,10,0.0742914922111251,0.04668491548539425,experiment/artifacts/scratch/world_model_state_space_v1/ramp_v2_ablation_20260422_residual_farm0p00_val_rmse/train_outputs/residual_farm0p00_ramp0p02_val_rmse_pu.csv
State-space: Ramp v2 residual (0.02),non_overlap,2,20,0.09516015454753902,0.05978969112442734,experiment/artifacts/scratch/world_model_state_space_v1/ramp_v2_ablation_20260422_residual_farm0p00_val_rmse/train_outputs/residual_farm0p00_ramp0p02_val_rmse_pu.csv
State-space: Ramp v2 residual (0.02),non_overlap,3,30,0.10463673530076426,0.06623033137222606,experiment/artifacts/scratch/world_model_state_space_v1/ramp_v2_ablation_20260422_residual_farm0p00_val_rmse/train_outputs/residual_farm0p00_ramp0p02_val_rmse_pu.csv
State-space: Ramp v2 residual (0.02),non_overlap,4,40,0.11306717333489145,0.07249642294168686,experiment/artifacts/scratch/world_model_state_space_v1/ramp_v2_ablation_20260422_residual_farm0p00_val_rmse/train_outputs/residual_farm0p00_ramp0p02_val_rmse_pu.csv
State-space: Ramp v2 residual (0.02),non_overlap,5,50,0.11899971449128767,0.077250088785042,experiment/artifacts/scratch/world_model_state_space_v1/ramp_v2_ablation_20260422_residual_farm0p00_val_rmse/train_outputs/residual_farm0p00_ramp0p02_val_rmse_pu.csv
State-space: Ramp v2 residual (0.02),non_overlap,6,60,0.12526689454436013,0.08192301255561457,experiment/artifacts/scratch/world_model_state_space_v1/ramp_v2_ablation_20260422_residual_farm0p00_val_rmse/train_outputs/residual_farm0p00_ramp0p02_val_rmse_pu.csv
State-space: Ramp v2 residual (0.02),non_overlap,7,70,0.12956607292115538,0.08453454925071772,experiment/artifacts/scratch/world_model_state_space_v1/ramp_v2_ablation_20260422_residual_farm0p00_val_rmse/train_outputs/residual_farm0p00_ramp0p02_val_rmse_pu.csv
State-space: Ramp v2 residual (0.02),non_overlap,8,80,0.13292397572434608,0.08749232508227867,experiment/artifacts/scratch/world_model_state_space_v1/ramp_v2_ablation_20260422_residual_farm0p00_val_rmse/train_outputs/residual_farm0p00_ramp0p02_val_rmse_pu.csv
State-space: Ramp v2 residual (0.02),non_overlap,9,90,0.13642380653522715,0.09005790373865447,experiment/artifacts/scratch/world_model_state_space_v1/ramp_v2_ablation_20260422_residual_farm0p00_val_rmse/train_outputs/residual_farm0p00_ramp0p02_val_rmse_pu.csv
State-space: Ramp v2 residual (0.02),non_overlap,10,100,0.14088868863377058,0.09362572292029314,experiment/artifacts/scratch/world_model_state_space_v1/ramp_v2_ablation_20260422_residual_farm0p00_val_rmse/train_outputs/residual_farm0p00_ramp0p02_val_rmse_pu.csv
State-space: Ramp v2 residual (0.02),non_overlap,11,110,0.14943294615348562,0.09851494526552831,experiment/artifacts/scratch/world_model_state_space_v1/ramp_v2_ablation_20260422_residual_farm0p00_val_rmse/train_outputs/residual_farm0p00_ramp0p02_val_rmse_pu.csv
State-space: Ramp v2 residual (0.02),non_overlap,12,120,0.15273837558922068,0.10122991464654175,experiment/artifacts/scratch/world_model_state_space_v1/ramp_v2_ablation_20260422_residual_farm0p00_val_rmse/train_outputs/residual_farm0p00_ramp0p02_val_rmse_pu.csv
State-space: Ramp v2 residual (0.02),non_overlap,13,130,0.15474838805568547,0.10282102394481551,experiment/artifacts/scratch/world_model_state_space_v1/ramp_v2_ablation_20260422_residual_farm0p00_val_rmse/train_outputs/residual_farm0p00_ramp0p02_val_rmse_pu.csv
State-space: Ramp v2 residual (0.02),non_overlap,14,140,0.1577619059256644,0.10433450798726478,experiment/artifacts/scratch/world_model_state_space_v1/ramp_v2_ablation_20260422_residual_farm0p00_val_rmse/train_outputs/residual_farm0p00_ramp0p02_val_rmse_pu.csv
State-space: Ramp v2 residual (0.02),non_overlap,15,150,0.15946689438108014,0.10608541333417988,experiment/artifacts/scratch/world_model_state_space_v1/ramp_v2_ablation_20260422_residual_farm0p00_val_rmse/train_outputs/residual_farm0p00_ramp0p02_val_rmse_pu.csv
State-space: Ramp v2 residual (0.02),non_overlap,16,160,0.16060355987542493,0.10789401610575568,experiment/artifacts/scratch/world_model_state_space_v1/ramp_v2_ablation_20260422_residual_farm0p00_val_rmse/train_outputs/residual_farm0p00_ramp0p02_val_rmse_pu.csv
State-space: Ramp v2 residual (0.02),non_overlap,17,170,0.16544315057422562,0.1098682699158409,experiment/artifacts/scratch/world_model_state_space_v1/ramp_v2_ablation_20260422_residual_farm0p00_val_rmse/train_outputs/residual_farm0p00_ramp0p02_val_rmse_pu.csv
State-space: Ramp v2 residual (0.02),non_overlap,18,180,0.16877446799031298,0.11203252409377708,experiment/artifacts/scratch/world_model_state_space_v1/ramp_v2_ablation_20260422_residual_farm0p00_val_rmse/train_outputs/residual_farm0p00_ramp0p02_val_rmse_pu.csv
State-space: Ramp v2 residual (0.02),non_overlap,19,190,0.17101494706124618,0.11433345433218656,experiment/artifacts/scratch/world_model_state_space_v1/ramp_v2_ablation_20260422_residual_farm0p00_val_rmse/train_outputs/residual_farm0p00_ramp0p02_val_rmse_pu.csv
State-space: Ramp v2 residual (0.02),non_overlap,20,200,0.17381794635849326,0.11619062549774503,experiment/artifacts/scratch/world_model_state_space_v1/ramp_v2_ablation_20260422_residual_farm0p00_val_rmse/train_outputs/residual_farm0p00_ramp0p02_val_rmse_pu.csv
State-space: Ramp v2 residual (0.02),non_overlap,21,210,0.1754943044356868,0.11786428001224024,experiment/artifacts/scratch/world_model_state_space_v1/ramp_v2_ablation_20260422_residual_farm0p00_val_rmse/train_outputs/residual_farm0p00_ramp0p02_val_rmse_pu.csv
State-space: Ramp v2 residual (0.02),non_overlap,22,220,0.1780670069557828,0.120336575731121,experiment/artifacts/scratch/world_model_state_space_v1/ramp_v2_ablation_20260422_residual_farm0p00_val_rmse/train_outputs/residual_farm0p00_ramp0p02_val_rmse_pu.csv
State-space: Ramp v2 residual (0.02),non_overlap,23,230,0.17888137504063223,0.12068632527209187,experiment/artifacts/scratch/world_model_state_space_v1/ramp_v2_ablation_20260422_residual_farm0p00_val_rmse/train_outputs/residual_farm0p00_ramp0p02_val_rmse_pu.csv
State-space: Ramp v2 residual (0.02),non_overlap,24,240,0.18183048227066373,0.12307820710769886,experiment/artifacts/scratch/world_model_state_space_v1/ramp_v2_ablation_20260422_residual_farm0p00_val_rmse/train_outputs/residual_farm0p00_ramp0p02_val_rmse_pu.csv
State-space: Ramp v2 residual (0.02),non_overlap,25,250,0.18639149034557792,0.12650708825174545,experiment/artifacts/scratch/world_model_state_space_v1/ramp_v2_ablation_20260422_residual_farm0p00_val_rmse/train_outputs/residual_farm0p00_ramp0p02_val_rmse_pu.csv
State-space: Ramp v2 residual (0.02),non_overlap,26,260,0.18601841955660478,0.12735294720442622,experiment/artifacts/scratch/world_model_state_space_v1/ramp_v2_ablation_20260422_residual_farm0p00_val_rmse/train_outputs/residual_farm0p00_ramp0p02_val_rmse_pu.csv
State-space: Ramp v2 residual (0.02),non_overlap,27,270,0.1913456052806096,0.13094362684457475,experiment/artifacts/scratch/world_model_state_space_v1/ramp_v2_ablation_20260422_residual_farm0p00_val_rmse/train_outputs/residual_farm0p00_ramp0p02_val_rmse_pu.csv
State-space: Ramp v2 residual (0.02),non_overlap,28,280,0.19306533196993547,0.1317344289560755,experiment/artifacts/scratch/world_model_state_space_v1/ramp_v2_ablation_20260422_residual_farm0p00_val_rmse/train_outputs/residual_farm0p00_ramp0p02_val_rmse_pu.csv
State-space: Ramp v2 residual (0.02),non_overlap,29,290,0.19549789593984238,0.1335136349062746,experiment/artifacts/scratch/world_model_state_space_v1/ramp_v2_ablation_20260422_residual_farm0p00_val_rmse/train_outputs/residual_farm0p00_ramp0p02_val_rmse_pu.csv
State-space: Ramp v2 residual (0.02),non_overlap,30,300,0.19782009362825428,0.13593538458139762,experiment/artifacts/scratch/world_model_state_space_v1/ramp_v2_ablation_20260422_residual_farm0p00_val_rmse/train_outputs/residual_farm0p00_ramp0p02_val_rmse_pu.csv
State-space: Ramp v2 residual (0.02),non_overlap,31,310,0.19923561742316526,0.13684419759699099,experiment/artifacts/scratch/world_model_state_space_v1/ramp_v2_ablation_20260422_residual_farm0p00_val_rmse/train_outputs/residual_farm0p00_ramp0p02_val_rmse_pu.csv
State-space: Ramp v2 residual (0.02),non_overlap,32,320,0.200526839617473,0.13805867459118915,experiment/artifacts/scratch/world_model_state_space_v1/ramp_v2_ablation_20260422_residual_farm0p00_val_rmse/train_outputs/residual_farm0p00_ramp0p02_val_rmse_pu.csv
State-space: Ramp v2 residual (0.02),non_overlap,33,330,0.20333095552221084,0.14024379476690813,experiment/artifacts/scratch/world_model_state_space_v1/ramp_v2_ablation_20260422_residual_farm0p00_val_rmse/train_outputs/residual_farm0p00_ramp0p02_val_rmse_pu.csv
State-space: Ramp v2 residual (0.02),non_overlap,34,340,0.20345892112568378,0.14075980805035632,experiment/artifacts/scratch/world_model_state_space_v1/ramp_v2_ablation_20260422_residual_farm0p00_val_rmse/train_outputs/residual_farm0p00_ramp0p02_val_rmse_pu.csv
State-space: Ramp v2 residual (0.02),non_overlap,35,350,0.20595141015120655,0.14223299206703505,experiment/artifacts/scratch/world_model_state_space_v1/ramp_v2_ablation_20260422_residual_farm0p00_val_rmse/train_outputs/residual_farm0p00_ramp0p02_val_rmse_pu.csv
State-space: Ramp v2 residual (0.02),non_overlap,36,360,0.2069210764520669,0.14274598494968183,experiment/artifacts/scratch/world_model_state_space_v1/ramp_v2_ablation_20260422_residual_farm0p00_val_rmse/train_outputs/residual_farm0p00_ramp0p02_val_rmse_pu.csv
State-space: Ramp v2 residual (0.05),rolling_origin_no_refit,1,10,0.07379557845471374,0.04577733856325912,experiment/artifacts/scratch/world_model_state_space_v1/ramp_v2_ablation_20260422_residual_farm0p00_val_rmse/train_outputs/residual_farm0p00_ramp0p05_val_rmse_pu.csv
State-space: Ramp v2 residual (0.05),rolling_origin_no_refit,2,20,0.09425610220648928,0.058781557507697306,experiment/artifacts/scratch/world_model_state_space_v1/ramp_v2_ablation_20260422_residual_farm0p00_val_rmse/train_outputs/residual_farm0p00_ramp0p05_val_rmse_pu.csv
State-space: Ramp v2 residual (0.05),rolling_origin_no_refit,3,30,0.10591461576663784,0.06651426474463323,experiment/artifacts/scratch/world_model_state_space_v1/ramp_v2_ablation_20260422_residual_farm0p00_val_rmse/train_outputs/residual_farm0p00_ramp0p05_val_rmse_pu.csv
State-space: Ramp v2 residual (0.05),rolling_origin_no_refit,4,40,0.11437954117542085,0.07241696616923728,experiment/artifacts/scratch/world_model_state_space_v1/ramp_v2_ablation_20260422_residual_farm0p00_val_rmse/train_outputs/residual_farm0p00_ramp0p05_val_rmse_pu.csv
State-space: Ramp v2 residual (0.05),rolling_origin_no_refit,5,50,0.12087774408864489,0.07719672330163604,experiment/artifacts/scratch/world_model_state_space_v1/ramp_v2_ablation_20260422_residual_farm0p00_val_rmse/train_outputs/residual_farm0p00_ramp0p05_val_rmse_pu.csv
State-space: Ramp v2 residual (0.05),rolling_origin_no_refit,6,60,0.126673585647081,0.08135609416431151,experiment/artifacts/scratch/world_model_state_space_v1/ramp_v2_ablation_20260422_residual_farm0p00_val_rmse/train_outputs/residual_farm0p00_ramp0p05_val_rmse_pu.csv
State-space: Ramp v2 residual (0.05),rolling_origin_no_refit,7,70,0.13177667135881824,0.08517182317020278,experiment/artifacts/scratch/world_model_state_space_v1/ramp_v2_ablation_20260422_residual_farm0p00_val_rmse/train_outputs/residual_farm0p00_ramp0p05_val_rmse_pu.csv
State-space: Ramp v2 residual (0.05),rolling_origin_no_refit,8,80,0.13654959360584543,0.08858808582379947,experiment/artifacts/scratch/world_model_state_space_v1/ramp_v2_ablation_20260422_residual_farm0p00_val_rmse/train_outputs/residual_farm0p00_ramp0p05_val_rmse_pu.csv
State-space: Ramp v2 residual (0.05),rolling_origin_no_refit,9,90,0.14087901345688258,0.09175522939562053,experiment/artifacts/scratch/world_model_state_space_v1/ramp_v2_ablation_20260422_residual_farm0p00_val_rmse/train_outputs/residual_farm0p00_ramp0p05_val_rmse_pu.csv
State-space: Ramp v2 residual (0.05),rolling_origin_no_refit,10,100,0.1448574241301914,0.09478948380103369,experiment/artifacts/scratch/world_model_state_space_v1/ramp_v2_ablation_20260422_residual_farm0p00_val_rmse/train_outputs/residual_farm0p00_ramp0p05_val_rmse_pu.csv
State-space: Ramp v2 residual (0.05),rolling_origin_no_refit,11,110,0.14869130775255257,0.097627123913904,experiment/artifacts/scratch/world_model_state_space_v1/ramp_v2_ablation_20260422_residual_farm0p00_val_rmse/train_outputs/residual_farm0p00_ramp0p05_val_rmse_pu.csv
State-space: Ramp v2 residual (0.05),rolling_origin_no_refit,12,120,0.15228333453005144,0.10021837072026678,experiment/artifacts/scratch/world_model_state_space_v1/ramp_v2_ablation_20260422_residual_farm0p00_val_rmse/train_outputs/residual_farm0p00_ramp0p05_val_rmse_pu.csv
State-space: Ramp v2 residual (0.05),rolling_origin_no_refit,13,130,0.15566549418270997,0.10280349239112839,experiment/artifacts/scratch/world_model_state_space_v1/ramp_v2_ablation_20260422_residual_farm0p00_val_rmse/train_outputs/residual_farm0p00_ramp0p05_val_rmse_pu.csv
State-space: Ramp v2 residual (0.05),rolling_origin_no_refit,14,140,0.15901482193504643,0.10510192668424323,experiment/artifacts/scratch/world_model_state_space_v1/ramp_v2_ablation_20260422_residual_farm0p00_val_rmse/train_outputs/residual_farm0p00_ramp0p05_val_rmse_pu.csv
State-space: Ramp v2 residual (0.05),rolling_origin_no_refit,15,150,0.1621419814432205,0.10753529003590422,experiment/artifacts/scratch/world_model_state_space_v1/ramp_v2_ablation_20260422_residual_farm0p00_val_rmse/train_outputs/residual_farm0p00_ramp0p05_val_rmse_pu.csv
State-space: Ramp v2 residual (0.05),rolling_origin_no_refit,16,160,0.16510661545354136,0.10973207415189777,experiment/artifacts/scratch/world_model_state_space_v1/ramp_v2_ablation_20260422_residual_farm0p00_val_rmse/train_outputs/residual_farm0p00_ramp0p05_val_rmse_pu.csv
State-space: Ramp v2 residual (0.05),rolling_origin_no_refit,17,170,0.16797352938643084,0.11200316543046722,experiment/artifacts/scratch/world_model_state_space_v1/ramp_v2_ablation_20260422_residual_farm0p00_val_rmse/train_outputs/residual_farm0p00_ramp0p05_val_rmse_pu.csv
State-space: Ramp v2 residual (0.05),rolling_origin_no_refit,18,180,0.17081798555470856,0.11421817878880153,experiment/artifacts/scratch/world_model_state_space_v1/ramp_v2_ablation_20260422_residual_farm0p00_val_rmse/train_outputs/residual_farm0p00_ramp0p05_val_rmse_pu.csv
State-space: Ramp v2 residual (0.05),rolling_origin_no_refit,19,190,0.1735614912631217,0.11632291919764433,experiment/artifacts/scratch/world_model_state_space_v1/ramp_v2_ablation_20260422_residual_farm0p00_val_rmse/train_outputs/residual_farm0p00_ramp0p05_val_rmse_pu.csv
State-space: Ramp v2 residual (0.05),rolling_origin_no_refit,20,200,0.17622090683861366,0.11848008559411251,experiment/artifacts/scratch/world_model_state_space_v1/ramp_v2_ablation_20260422_residual_farm0p00_val_rmse/train_outputs/residual_farm0p00_ramp0p05_val_rmse_pu.csv
State-space: Ramp v2 residual (0.05),rolling_origin_no_refit,21,210,0.178775686551554,0.12034730190564158,experiment/artifacts/scratch/world_model_state_space_v1/ramp_v2_ablation_20260422_residual_farm0p00_val_rmse/train_outputs/residual_farm0p00_ramp0p05_val_rmse_pu.csv
State-space: Ramp v2 residual (0.05),rolling_origin_no_refit,22,220,0.18114529774573784,0.1223814140349521,experiment/artifacts/scratch/world_model_state_space_v1/ramp_v2_ablation_20260422_residual_farm0p00_val_rmse/train_outputs/residual_farm0p00_ramp0p05_val_rmse_pu.csv
State-space: Ramp v2 residual (0.05),rolling_origin_no_refit,23,230,0.18347986556657703,0.12425860966461001,experiment/artifacts/scratch/world_model_state_space_v1/ramp_v2_ablation_20260422_residual_farm0p00_val_rmse/train_outputs/residual_farm0p00_ramp0p05_val_rmse_pu.csv
State-space: Ramp v2 residual (0.05),rolling_origin_no_refit,24,240,0.18567082229784337,0.12616205080245319,experiment/artifacts/scratch/world_model_state_space_v1/ramp_v2_ablation_20260422_residual_farm0p00_val_rmse/train_outputs/residual_farm0p00_ramp0p05_val_rmse_pu.csv
State-space: Ramp v2 residual (0.05),rolling_origin_no_refit,25,250,0.18783160985582975,0.12786712320427418,experiment/artifacts/scratch/world_model_state_space_v1/ramp_v2_ablation_20260422_residual_farm0p00_val_rmse/train_outputs/residual_farm0p00_ramp0p05_val_rmse_pu.csv
State-space: Ramp v2 residual (0.05),rolling_origin_no_refit,26,260,0.19003238771884234,0.12970231073809968,experiment/artifacts/scratch/world_model_state_space_v1/ramp_v2_ablation_20260422_residual_farm0p00_val_rmse/train_outputs/residual_farm0p00_ramp0p05_val_rmse_pu.csv
State-space: Ramp v2 residual (0.05),rolling_origin_no_refit,27,270,0.19199250922361066,0.13129524577375634,experiment/artifacts/scratch/world_model_state_space_v1/ramp_v2_ablation_20260422_residual_farm0p00_val_rmse/train_outputs/residual_farm0p00_ramp0p05_val_rmse_pu.csv
State-space: Ramp v2 residual (0.05),rolling_origin_no_refit,28,280,0.19401507269807167,0.13303405989552738,experiment/artifacts/scratch/world_model_state_space_v1/ramp_v2_ablation_20260422_residual_farm0p00_val_rmse/train_outputs/residual_farm0p00_ramp0p05_val_rmse_pu.csv
State-space: Ramp v2 residual (0.05),rolling_origin_no_refit,29,290,0.19599457600126807,0.13438071709077976,experiment/artifacts/scratch/world_model_state_space_v1/ramp_v2_ablation_20260422_residual_farm0p00_val_rmse/train_outputs/residual_farm0p00_ramp0p05_val_rmse_pu.csv
State-space: Ramp v2 residual (0.05),rolling_origin_no_refit,30,300,0.19778613804185322,0.13601903434352883,experiment/artifacts/scratch/world_model_state_space_v1/ramp_v2_ablation_20260422_residual_farm0p00_val_rmse/train_outputs/residual_farm0p00_ramp0p05_val_rmse_pu.csv
State-space: Ramp v2 residual (0.05),rolling_origin_no_refit,31,310,0.19968038596886373,0.13755092122124524,experiment/artifacts/scratch/world_model_state_space_v1/ramp_v2_ablation_20260422_residual_farm0p00_val_rmse/train_outputs/residual_farm0p00_ramp0p05_val_rmse_pu.csv
State-space: Ramp v2 residual (0.05),rolling_origin_no_refit,32,320,0.2014299982516567,0.1388904683048741,experiment/artifacts/scratch/world_model_state_space_v1/ramp_v2_ablation_20260422_residual_farm0p00_val_rmse/train_outputs/residual_farm0p00_ramp0p05_val_rmse_pu.csv
State-space: Ramp v2 residual (0.05),rolling_origin_no_refit,33,330,0.20307116252496812,0.14030053364748896,experiment/artifacts/scratch/world_model_state_space_v1/ramp_v2_ablation_20260422_residual_farm0p00_val_rmse/train_outputs/residual_farm0p00_ramp0p05_val_rmse_pu.csv
State-space: Ramp v2 residual (0.05),rolling_origin_no_refit,34,340,0.20476558675282758,0.14165281153701445,experiment/artifacts/scratch/world_model_state_space_v1/ramp_v2_ablation_20260422_residual_farm0p00_val_rmse/train_outputs/residual_farm0p00_ramp0p05_val_rmse_pu.csv
State-space: Ramp v2 residual (0.05),rolling_origin_no_refit,35,350,0.20631269202981434,0.14300602023120795,experiment/artifacts/scratch/world_model_state_space_v1/ramp_v2_ablation_20260422_residual_farm0p00_val_rmse/train_outputs/residual_farm0p00_ramp0p05_val_rmse_pu.csv
State-space: Ramp v2 residual (0.05),rolling_origin_no_refit,36,360,0.20799806875674176,0.14433132779875904,experiment/artifacts/scratch/world_model_state_space_v1/ramp_v2_ablation_20260422_residual_farm0p00_val_rmse/train_outputs/residual_farm0p00_ramp0p05_val_rmse_pu.csv
State-space: Ramp v2 residual (0.05),non_overlap,1,10,0.0740961854980133,0.046201476856029634,experiment/artifacts/scratch/world_model_state_space_v1/ramp_v2_ablation_20260422_residual_farm0p00_val_rmse/train_outputs/residual_farm0p00_ramp0p05_val_rmse_pu.csv
State-space: Ramp v2 residual (0.05),non_overlap,2,20,0.09544429668289356,0.05944949265650986,experiment/artifacts/scratch/world_model_state_space_v1/ramp_v2_ablation_20260422_residual_farm0p00_val_rmse/train_outputs/residual_farm0p00_ramp0p05_val_rmse_pu.csv
State-space: Ramp v2 residual (0.05),non_overlap,3,30,0.10527885955306858,0.06605404259105238,experiment/artifacts/scratch/world_model_state_space_v1/ramp_v2_ablation_20260422_residual_farm0p00_val_rmse/train_outputs/residual_farm0p00_ramp0p05_val_rmse_pu.csv
State-space: Ramp v2 residual (0.05),non_overlap,4,40,0.11369010894509758,0.07245253069244802,experiment/artifacts/scratch/world_model_state_space_v1/ramp_v2_ablation_20260422_residual_farm0p00_val_rmse/train_outputs/residual_farm0p00_ramp0p05_val_rmse_pu.csv
State-space: Ramp v2 residual (0.05),non_overlap,5,50,0.11964879060761081,0.07711924941136193,experiment/artifacts/scratch/world_model_state_space_v1/ramp_v2_ablation_20260422_residual_farm0p00_val_rmse/train_outputs/residual_farm0p00_ramp0p05_val_rmse_pu.csv
State-space: Ramp v2 residual (0.05),non_overlap,6,60,0.12625066818964778,0.08204100550760081,experiment/artifacts/scratch/world_model_state_space_v1/ramp_v2_ablation_20260422_residual_farm0p00_val_rmse/train_outputs/residual_farm0p00_ramp0p05_val_rmse_pu.csv
State-space: Ramp v2 residual (0.05),non_overlap,7,70,0.13054845532037065,0.08460019184524831,experiment/artifacts/scratch/world_model_state_space_v1/ramp_v2_ablation_20260422_residual_farm0p00_val_rmse/train_outputs/residual_farm0p00_ramp0p05_val_rmse_pu.csv
State-space: Ramp v2 residual (0.05),non_overlap,8,80,0.1339306709782732,0.08769280361231528,experiment/artifacts/scratch/world_model_state_space_v1/ramp_v2_ablation_20260422_residual_farm0p00_val_rmse/train_outputs/residual_farm0p00_ramp0p05_val_rmse_pu.csv
State-space: Ramp v2 residual (0.05),non_overlap,9,90,0.13694101850727375,0.09004224175535566,experiment/artifacts/scratch/world_model_state_space_v1/ramp_v2_ablation_20260422_residual_farm0p00_val_rmse/train_outputs/residual_farm0p00_ramp0p05_val_rmse_pu.csv
State-space: Ramp v2 residual (0.05),non_overlap,10,100,0.1417040855736789,0.09388984149227932,experiment/artifacts/scratch/world_model_state_space_v1/ramp_v2_ablation_20260422_residual_farm0p00_val_rmse/train_outputs/residual_farm0p00_ramp0p05_val_rmse_pu.csv
State-space: Ramp v2 residual (0.05),non_overlap,11,110,0.15032987095307196,0.0988807116092605,experiment/artifacts/scratch/world_model_state_space_v1/ramp_v2_ablation_20260422_residual_farm0p00_val_rmse/train_outputs/residual_farm0p00_ramp0p05_val_rmse_pu.csv
State-space: Ramp v2 residual (0.05),non_overlap,12,120,0.1535845480510219,0.10135502676208376,experiment/artifacts/scratch/world_model_state_space_v1/ramp_v2_ablation_20260422_residual_farm0p00_val_rmse/train_outputs/residual_farm0p00_ramp0p05_val_rmse_pu.csv
State-space: Ramp v2 residual (0.05),non_overlap,13,130,0.1553366825683492,0.1030683596010417,experiment/artifacts/scratch/world_model_state_space_v1/ramp_v2_ablation_20260422_residual_farm0p00_val_rmse/train_outputs/residual_farm0p00_ramp0p05_val_rmse_pu.csv
State-space: Ramp v2 residual (0.05),non_overlap,14,140,0.15827818400674554,0.1045879256831884,experiment/artifacts/scratch/world_model_state_space_v1/ramp_v2_ablation_20260422_residual_farm0p00_val_rmse/train_outputs/residual_farm0p00_ramp0p05_val_rmse_pu.csv
State-space: Ramp v2 residual (0.05),non_overlap,15,150,0.16002400591313456,0.10644123388826277,experiment/artifacts/scratch/world_model_state_space_v1/ramp_v2_ablation_20260422_residual_farm0p00_val_rmse/train_outputs/residual_farm0p00_ramp0p05_val_rmse_pu.csv
State-space: Ramp v2 residual (0.05),non_overlap,16,160,0.16090553174593455,0.10795395642220079,experiment/artifacts/scratch/world_model_state_space_v1/ramp_v2_ablation_20260422_residual_farm0p00_val_rmse/train_outputs/residual_farm0p00_ramp0p05_val_rmse_pu.csv
State-space: Ramp v2 residual (0.05),non_overlap,17,170,0.1655275766325027,0.11017169260317694,experiment/artifacts/scratch/world_model_state_space_v1/ramp_v2_ablation_20260422_residual_farm0p00_val_rmse/train_outputs/residual_farm0p00_ramp0p05_val_rmse_pu.csv
State-space: Ramp v2 residual (0.05),non_overlap,18,180,0.1686459129157774,0.11209699303808512,experiment/artifacts/scratch/world_model_state_space_v1/ramp_v2_ablation_20260422_residual_farm0p00_val_rmse/train_outputs/residual_farm0p00_ramp0p05_val_rmse_pu.csv
State-space: Ramp v2 residual (0.05),non_overlap,19,190,0.17093848580221885,0.11443200055634767,experiment/artifacts/scratch/world_model_state_space_v1/ramp_v2_ablation_20260422_residual_farm0p00_val_rmse/train_outputs/residual_farm0p00_ramp0p05_val_rmse_pu.csv
State-space: Ramp v2 residual (0.05),non_overlap,20,200,0.17384891708115227,0.11625769744469627,experiment/artifacts/scratch/world_model_state_space_v1/ramp_v2_ablation_20260422_residual_farm0p00_val_rmse/train_outputs/residual_farm0p00_ramp0p05_val_rmse_pu.csv
State-space: Ramp v2 residual (0.05),non_overlap,21,210,0.17547805039453204,0.11766150932718841,experiment/artifacts/scratch/world_model_state_space_v1/ramp_v2_ablation_20260422_residual_farm0p00_val_rmse/train_outputs/residual_farm0p00_ramp0p05_val_rmse_pu.csv
State-space: Ramp v2 residual (0.05),non_overlap,22,220,0.1779520385283777,0.12032259427584134,experiment/artifacts/scratch/world_model_state_space_v1/ramp_v2_ablation_20260422_residual_farm0p00_val_rmse/train_outputs/residual_farm0p00_ramp0p05_val_rmse_pu.csv
State-space: Ramp v2 residual (0.05),non_overlap,23,230,0.17855203033330005,0.12076251077609332,experiment/artifacts/scratch/world_model_state_space_v1/ramp_v2_ablation_20260422_residual_farm0p00_val_rmse/train_outputs/residual_farm0p00_ramp0p05_val_rmse_pu.csv
State-space: Ramp v2 residual (0.05),non_overlap,24,240,0.18110705188668463,0.12290495418282839,experiment/artifacts/scratch/world_model_state_space_v1/ramp_v2_ablation_20260422_residual_farm0p00_val_rmse/train_outputs/residual_farm0p00_ramp0p05_val_rmse_pu.csv
State-space: Ramp v2 residual (0.05),non_overlap,25,250,0.18576769070318297,0.1265238260003264,experiment/artifacts/scratch/world_model_state_space_v1/ramp_v2_ablation_20260422_residual_farm0p00_val_rmse/train_outputs/residual_farm0p00_ramp0p05_val_rmse_pu.csv
State-space: Ramp v2 residual (0.05),non_overlap,26,260,0.1853291618018698,0.12704571736478323,experiment/artifacts/scratch/world_model_state_space_v1/ramp_v2_ablation_20260422_residual_farm0p00_val_rmse/train_outputs/residual_farm0p00_ramp0p05_val_rmse_pu.csv
State-space: Ramp v2 residual (0.05),non_overlap,27,270,0.19088379768732874,0.13095110404084295,experiment/artifacts/scratch/world_model_state_space_v1/ramp_v2_ablation_20260422_residual_farm0p00_val_rmse/train_outputs/residual_farm0p00_ramp0p05_val_rmse_pu.csv
State-space: Ramp v2 residual (0.05),non_overlap,28,280,0.19247794806778762,0.1320498413043081,experiment/artifacts/scratch/world_model_state_space_v1/ramp_v2_ablation_20260422_residual_farm0p00_val_rmse/train_outputs/residual_farm0p00_ramp0p05_val_rmse_pu.csv
State-space: Ramp v2 residual (0.05),non_overlap,29,290,0.19547471899885885,0.13414401776789098,experiment/artifacts/scratch/world_model_state_space_v1/ramp_v2_ablation_20260422_residual_farm0p00_val_rmse/train_outputs/residual_farm0p00_ramp0p05_val_rmse_pu.csv
State-space: Ramp v2 residual (0.05),non_overlap,30,300,0.19724735327189125,0.13617178405886377,experiment/artifacts/scratch/world_model_state_space_v1/ramp_v2_ablation_20260422_residual_farm0p00_val_rmse/train_outputs/residual_farm0p00_ramp0p05_val_rmse_pu.csv
State-space: Ramp v2 residual (0.05),non_overlap,31,310,0.1986153210383596,0.13731952378144477,experiment/artifacts/scratch/world_model_state_space_v1/ramp_v2_ablation_20260422_residual_farm0p00_val_rmse/train_outputs/residual_farm0p00_ramp0p05_val_rmse_pu.csv
State-space: Ramp v2 residual (0.05),non_overlap,32,320,0.19978553316690958,0.1384308732688366,experiment/artifacts/scratch/world_model_state_space_v1/ramp_v2_ablation_20260422_residual_farm0p00_val_rmse/train_outputs/residual_farm0p00_ramp0p05_val_rmse_pu.csv
State-space: Ramp v2 residual (0.05),non_overlap,33,330,0.20211632553953834,0.14012645221430856,experiment/artifacts/scratch/world_model_state_space_v1/ramp_v2_ablation_20260422_residual_farm0p00_val_rmse/train_outputs/residual_farm0p00_ramp0p05_val_rmse_pu.csv
State-space: Ramp v2 residual (0.05),non_overlap,34,340,0.2021985242580806,0.1406414228756898,experiment/artifacts/scratch/world_model_state_space_v1/ramp_v2_ablation_20260422_residual_farm0p00_val_rmse/train_outputs/residual_farm0p00_ramp0p05_val_rmse_pu.csv
State-space: Ramp v2 residual (0.05),non_overlap,35,350,0.20493694013549513,0.14222212953148627,experiment/artifacts/scratch/world_model_state_space_v1/ramp_v2_ablation_20260422_residual_farm0p00_val_rmse/train_outputs/residual_farm0p00_ramp0p05_val_rmse_pu.csv
State-space: Ramp v2 residual (0.05),non_overlap,36,360,0.20602205358261624,0.1428601756856476,experiment/artifacts/scratch/world_model_state_space_v1/ramp_v2_ablation_20260422_residual_farm0p00_val_rmse/train_outputs/residual_farm0p00_ramp0p05_val_rmse_pu.csv
State-space: Edge residual control,rolling_origin_no_refit,1,10,0.0732072893028869,0.045719396912964824,experiment/artifacts/scratch/world_model_state_space_v1/edge_gating_2x2_20260423_residual_farm0p00_val_rmse/train_outputs/residual_baseline_farm0p00_val_rmse_pu.csv
State-space: Edge residual control,rolling_origin_no_refit,2,20,0.09388505563759483,0.05894862199230669,experiment/artifacts/scratch/world_model_state_space_v1/edge_gating_2x2_20260423_residual_farm0p00_val_rmse/train_outputs/residual_baseline_farm0p00_val_rmse_pu.csv
State-space: Edge residual control,rolling_origin_no_refit,3,30,0.10565002289404167,0.06674534951133387,experiment/artifacts/scratch/world_model_state_space_v1/edge_gating_2x2_20260423_residual_farm0p00_val_rmse/train_outputs/residual_baseline_farm0p00_val_rmse_pu.csv
State-space: Edge residual control,rolling_origin_no_refit,4,40,0.11427826126490515,0.07268660492170381,experiment/artifacts/scratch/world_model_state_space_v1/edge_gating_2x2_20260423_residual_farm0p00_val_rmse/train_outputs/residual_baseline_farm0p00_val_rmse_pu.csv
State-space: Edge residual control,rolling_origin_no_refit,5,50,0.1207948836210626,0.07754107960873936,experiment/artifacts/scratch/world_model_state_space_v1/edge_gating_2x2_20260423_residual_farm0p00_val_rmse/train_outputs/residual_baseline_farm0p00_val_rmse_pu.csv
State-space: Edge residual control,rolling_origin_no_refit,6,60,0.12654199853339493,0.08162126705603664,experiment/artifacts/scratch/world_model_state_space_v1/edge_gating_2x2_20260423_residual_farm0p00_val_rmse/train_outputs/residual_baseline_farm0p00_val_rmse_pu.csv
State-space: Edge residual control,rolling_origin_no_refit,7,70,0.13167536448543074,0.085536665290838,experiment/artifacts/scratch/world_model_state_space_v1/edge_gating_2x2_20260423_residual_farm0p00_val_rmse/train_outputs/residual_baseline_farm0p00_val_rmse_pu.csv
State-space: Edge residual control,rolling_origin_no_refit,8,80,0.13646285755474008,0.08893459265917199,experiment/artifacts/scratch/world_model_state_space_v1/edge_gating_2x2_20260423_residual_farm0p00_val_rmse/train_outputs/residual_baseline_farm0p00_val_rmse_pu.csv
State-space: Edge residual control,rolling_origin_no_refit,9,90,0.1408838417165813,0.0921523254761988,experiment/artifacts/scratch/world_model_state_space_v1/edge_gating_2x2_20260423_residual_farm0p00_val_rmse/train_outputs/residual_baseline_farm0p00_val_rmse_pu.csv
State-space: Edge residual control,rolling_origin_no_refit,10,100,0.14487194900083175,0.09519950181641379,experiment/artifacts/scratch/world_model_state_space_v1/edge_gating_2x2_20260423_residual_farm0p00_val_rmse/train_outputs/residual_baseline_farm0p00_val_rmse_pu.csv
State-space: Edge residual control,rolling_origin_no_refit,11,110,0.14873115818991559,0.09796855268954203,experiment/artifacts/scratch/world_model_state_space_v1/edge_gating_2x2_20260423_residual_farm0p00_val_rmse/train_outputs/residual_baseline_farm0p00_val_rmse_pu.csv
State-space: Edge residual control,rolling_origin_no_refit,12,120,0.152357809214435,0.10051476172889809,experiment/artifacts/scratch/world_model_state_space_v1/edge_gating_2x2_20260423_residual_farm0p00_val_rmse/train_outputs/residual_baseline_farm0p00_val_rmse_pu.csv
State-space: Edge residual control,rolling_origin_no_refit,13,130,0.15593797676923649,0.10327960924081066,experiment/artifacts/scratch/world_model_state_space_v1/edge_gating_2x2_20260423_residual_farm0p00_val_rmse/train_outputs/residual_baseline_farm0p00_val_rmse_pu.csv
State-space: Edge residual control,rolling_origin_no_refit,14,140,0.15917663043738756,0.10540710947368838,experiment/artifacts/scratch/world_model_state_space_v1/edge_gating_2x2_20260423_residual_farm0p00_val_rmse/train_outputs/residual_baseline_farm0p00_val_rmse_pu.csv
State-space: Edge residual control,rolling_origin_no_refit,15,150,0.16242484034792357,0.10784069465231394,experiment/artifacts/scratch/world_model_state_space_v1/edge_gating_2x2_20260423_residual_farm0p00_val_rmse/train_outputs/residual_baseline_farm0p00_val_rmse_pu.csv
State-space: Edge residual control,rolling_origin_no_refit,16,160,0.165421273501857,0.11007229126741781,experiment/artifacts/scratch/world_model_state_space_v1/edge_gating_2x2_20260423_residual_farm0p00_val_rmse/train_outputs/residual_baseline_farm0p00_val_rmse_pu.csv
State-space: Edge residual control,rolling_origin_no_refit,17,170,0.16850458562132228,0.11234088072855392,experiment/artifacts/scratch/world_model_state_space_v1/edge_gating_2x2_20260423_residual_farm0p00_val_rmse/train_outputs/residual_baseline_farm0p00_val_rmse_pu.csv
State-space: Edge residual control,rolling_origin_no_refit,18,180,0.1714588036099988,0.11455811024595793,experiment/artifacts/scratch/world_model_state_space_v1/edge_gating_2x2_20260423_residual_farm0p00_val_rmse/train_outputs/residual_baseline_farm0p00_val_rmse_pu.csv
State-space: Edge residual control,rolling_origin_no_refit,19,190,0.17428737743861844,0.11674022957830983,experiment/artifacts/scratch/world_model_state_space_v1/edge_gating_2x2_20260423_residual_farm0p00_val_rmse/train_outputs/residual_baseline_farm0p00_val_rmse_pu.csv
State-space: Edge residual control,rolling_origin_no_refit,20,200,0.1770558600657762,0.11881478903915811,experiment/artifacts/scratch/world_model_state_space_v1/edge_gating_2x2_20260423_residual_farm0p00_val_rmse/train_outputs/residual_baseline_farm0p00_val_rmse_pu.csv
State-space: Edge residual control,rolling_origin_no_refit,21,210,0.1793803963006481,0.12062217781604888,experiment/artifacts/scratch/world_model_state_space_v1/edge_gating_2x2_20260423_residual_farm0p00_val_rmse/train_outputs/residual_baseline_farm0p00_val_rmse_pu.csv
State-space: Edge residual control,rolling_origin_no_refit,22,220,0.18210139817629972,0.12274725390340126,experiment/artifacts/scratch/world_model_state_space_v1/edge_gating_2x2_20260423_residual_farm0p00_val_rmse/train_outputs/residual_baseline_farm0p00_val_rmse_pu.csv
State-space: Edge residual control,rolling_origin_no_refit,23,230,0.18444833722461088,0.12457513019852005,experiment/artifacts/scratch/world_model_state_space_v1/edge_gating_2x2_20260423_residual_farm0p00_val_rmse/train_outputs/residual_baseline_farm0p00_val_rmse_pu.csv
State-space: Edge residual control,rolling_origin_no_refit,24,240,0.18687642817331176,0.12646176150383273,experiment/artifacts/scratch/world_model_state_space_v1/edge_gating_2x2_20260423_residual_farm0p00_val_rmse/train_outputs/residual_baseline_farm0p00_val_rmse_pu.csv
State-space: Edge residual control,rolling_origin_no_refit,25,250,0.18904830637196096,0.12818956943100435,experiment/artifacts/scratch/world_model_state_space_v1/edge_gating_2x2_20260423_residual_farm0p00_val_rmse/train_outputs/residual_baseline_farm0p00_val_rmse_pu.csv
State-space: Edge residual control,rolling_origin_no_refit,26,260,0.19130715678858287,0.1299726500800824,experiment/artifacts/scratch/world_model_state_space_v1/edge_gating_2x2_20260423_residual_farm0p00_val_rmse/train_outputs/residual_baseline_farm0p00_val_rmse_pu.csv
State-space: Edge residual control,rolling_origin_no_refit,27,270,0.1933495291679829,0.13161494325240883,experiment/artifacts/scratch/world_model_state_space_v1/edge_gating_2x2_20260423_residual_farm0p00_val_rmse/train_outputs/residual_baseline_farm0p00_val_rmse_pu.csv
State-space: Edge residual control,rolling_origin_no_refit,28,280,0.19564527210959734,0.1333135431733655,experiment/artifacts/scratch/world_model_state_space_v1/edge_gating_2x2_20260423_residual_farm0p00_val_rmse/train_outputs/residual_baseline_farm0p00_val_rmse_pu.csv
State-space: Edge residual control,rolling_origin_no_refit,29,290,0.19737522455696155,0.13461746677576492,experiment/artifacts/scratch/world_model_state_space_v1/edge_gating_2x2_20260423_residual_farm0p00_val_rmse/train_outputs/residual_baseline_farm0p00_val_rmse_pu.csv
State-space: Edge residual control,rolling_origin_no_refit,30,300,0.19967474963993465,0.13645098150211404,experiment/artifacts/scratch/world_model_state_space_v1/edge_gating_2x2_20260423_residual_farm0p00_val_rmse/train_outputs/residual_baseline_farm0p00_val_rmse_pu.csv
State-space: Edge residual control,rolling_origin_no_refit,31,310,0.20146592360240345,0.13787479209363804,experiment/artifacts/scratch/world_model_state_space_v1/edge_gating_2x2_20260423_residual_farm0p00_val_rmse/train_outputs/residual_baseline_farm0p00_val_rmse_pu.csv
State-space: Edge residual control,rolling_origin_no_refit,32,320,0.20323979989760452,0.13926493909711735,experiment/artifacts/scratch/world_model_state_space_v1/edge_gating_2x2_20260423_residual_farm0p00_val_rmse/train_outputs/residual_baseline_farm0p00_val_rmse_pu.csv
State-space: Edge residual control,rolling_origin_no_refit,33,330,0.2051974839242487,0.1407530603846572,experiment/artifacts/scratch/world_model_state_space_v1/edge_gating_2x2_20260423_residual_farm0p00_val_rmse/train_outputs/residual_baseline_farm0p00_val_rmse_pu.csv
State-space: Edge residual control,rolling_origin_no_refit,34,340,0.20685396950763668,0.1421613644650083,experiment/artifacts/scratch/world_model_state_space_v1/edge_gating_2x2_20260423_residual_farm0p00_val_rmse/train_outputs/residual_baseline_farm0p00_val_rmse_pu.csv
State-space: Edge residual control,rolling_origin_no_refit,35,350,0.20851113794049644,0.14350552946218398,experiment/artifacts/scratch/world_model_state_space_v1/edge_gating_2x2_20260423_residual_farm0p00_val_rmse/train_outputs/residual_baseline_farm0p00_val_rmse_pu.csv
State-space: Edge residual control,rolling_origin_no_refit,36,360,0.21043249240080358,0.14491876150783525,experiment/artifacts/scratch/world_model_state_space_v1/edge_gating_2x2_20260423_residual_farm0p00_val_rmse/train_outputs/residual_baseline_farm0p00_val_rmse_pu.csv
State-space: Edge residual control,non_overlap,1,10,0.07370595011374294,0.046204764689315864,experiment/artifacts/scratch/world_model_state_space_v1/edge_gating_2x2_20260423_residual_farm0p00_val_rmse/train_outputs/residual_baseline_farm0p00_val_rmse_pu.csv
State-space: Edge residual control,non_overlap,2,20,0.09493808372533903,0.05949098889977282,experiment/artifacts/scratch/world_model_state_space_v1/edge_gating_2x2_20260423_residual_farm0p00_val_rmse/train_outputs/residual_baseline_farm0p00_val_rmse_pu.csv
State-space: Edge residual control,non_overlap,3,30,0.10499979762702956,0.06616183735727313,experiment/artifacts/scratch/world_model_state_space_v1/edge_gating_2x2_20260423_residual_farm0p00_val_rmse/train_outputs/residual_baseline_farm0p00_val_rmse_pu.csv
State-space: Edge residual control,non_overlap,4,40,0.11374497740402721,0.07271232624440728,experiment/artifacts/scratch/world_model_state_space_v1/edge_gating_2x2_20260423_residual_farm0p00_val_rmse/train_outputs/residual_baseline_farm0p00_val_rmse_pu.csv
State-space: Edge residual control,non_overlap,5,50,0.11955192183843692,0.07727417840978922,experiment/artifacts/scratch/world_model_state_space_v1/edge_gating_2x2_20260423_residual_farm0p00_val_rmse/train_outputs/residual_baseline_farm0p00_val_rmse_pu.csv
State-space: Edge residual control,non_overlap,6,60,0.12584445972923225,0.0821467880234431,experiment/artifacts/scratch/world_model_state_space_v1/edge_gating_2x2_20260423_residual_farm0p00_val_rmse/train_outputs/residual_baseline_farm0p00_val_rmse_pu.csv
State-space: Edge residual control,non_overlap,7,70,0.13007779534877636,0.0847942618306413,experiment/artifacts/scratch/world_model_state_space_v1/edge_gating_2x2_20260423_residual_farm0p00_val_rmse/train_outputs/residual_baseline_farm0p00_val_rmse_pu.csv
State-space: Edge residual control,non_overlap,8,80,0.1336263009763408,0.08786976028568971,experiment/artifacts/scratch/world_model_state_space_v1/edge_gating_2x2_20260423_residual_farm0p00_val_rmse/train_outputs/residual_baseline_farm0p00_val_rmse_pu.csv
State-space: Edge residual control,non_overlap,9,90,0.13698127272740404,0.09031287227821314,experiment/artifacts/scratch/world_model_state_space_v1/edge_gating_2x2_20260423_residual_farm0p00_val_rmse/train_outputs/residual_baseline_farm0p00_val_rmse_pu.csv
State-space: Edge residual control,non_overlap,10,100,0.14147436760388668,0.0939538696176157,experiment/artifacts/scratch/world_model_state_space_v1/edge_gating_2x2_20260423_residual_farm0p00_val_rmse/train_outputs/residual_baseline_farm0p00_val_rmse_pu.csv
State-space: Edge residual control,non_overlap,11,110,0.1501146118929409,0.09891661882218003,experiment/artifacts/scratch/world_model_state_space_v1/edge_gating_2x2_20260423_residual_farm0p00_val_rmse/train_outputs/residual_baseline_farm0p00_val_rmse_pu.csv
State-space: Edge residual control,non_overlap,12,120,0.15346760067102694,0.10154252255235978,experiment/artifacts/scratch/world_model_state_space_v1/edge_gating_2x2_20260423_residual_farm0p00_val_rmse/train_outputs/residual_baseline_farm0p00_val_rmse_pu.csv
State-space: Edge residual control,non_overlap,13,130,0.15534834889506394,0.10346066410548689,experiment/artifacts/scratch/world_model_state_space_v1/edge_gating_2x2_20260423_residual_farm0p00_val_rmse/train_outputs/residual_baseline_farm0p00_val_rmse_pu.csv
State-space: Edge residual control,non_overlap,14,140,0.15836326472366252,0.1047266924822772,experiment/artifacts/scratch/world_model_state_space_v1/edge_gating_2x2_20260423_residual_farm0p00_val_rmse/train_outputs/residual_baseline_farm0p00_val_rmse_pu.csv
State-space: Edge residual control,non_overlap,15,150,0.160287581398567,0.10672719435657108,experiment/artifacts/scratch/world_model_state_space_v1/edge_gating_2x2_20260423_residual_farm0p00_val_rmse/train_outputs/residual_baseline_farm0p00_val_rmse_pu.csv
State-space: Edge residual control,non_overlap,16,160,0.1614497932089393,0.10829683246684442,experiment/artifacts/scratch/world_model_state_space_v1/edge_gating_2x2_20260423_residual_farm0p00_val_rmse/train_outputs/residual_baseline_farm0p00_val_rmse_pu.csv
State-space: Edge residual control,non_overlap,17,170,0.1660659681254433,0.11043046464160955,experiment/artifacts/scratch/world_model_state_space_v1/edge_gating_2x2_20260423_residual_farm0p00_val_rmse/train_outputs/residual_baseline_farm0p00_val_rmse_pu.csv
State-space: Edge residual control,non_overlap,18,180,0.16917865290341394,0.11223547071616413,experiment/artifacts/scratch/world_model_state_space_v1/edge_gating_2x2_20260423_residual_farm0p00_val_rmse/train_outputs/residual_baseline_farm0p00_val_rmse_pu.csv
State-space: Edge residual control,non_overlap,19,190,0.171689174146502,0.11482302067523703,experiment/artifacts/scratch/world_model_state_space_v1/edge_gating_2x2_20260423_residual_farm0p00_val_rmse/train_outputs/residual_baseline_farm0p00_val_rmse_pu.csv
State-space: Edge residual control,non_overlap,20,200,0.17459626414819307,0.11654859021885565,experiment/artifacts/scratch/world_model_state_space_v1/edge_gating_2x2_20260423_residual_farm0p00_val_rmse/train_outputs/residual_baseline_farm0p00_val_rmse_pu.csv
State-space: Edge residual control,non_overlap,21,210,0.17600801215303416,0.11785520771254875,experiment/artifacts/scratch/world_model_state_space_v1/edge_gating_2x2_20260423_residual_farm0p00_val_rmse/train_outputs/residual_baseline_farm0p00_val_rmse_pu.csv
State-space: Edge residual control,non_overlap,22,220,0.17927283524901744,0.12062052744537127,experiment/artifacts/scratch/world_model_state_space_v1/edge_gating_2x2_20260423_residual_farm0p00_val_rmse/train_outputs/residual_baseline_farm0p00_val_rmse_pu.csv
State-space: Edge residual control,non_overlap,23,230,0.1801873853546709,0.12137520418353535,experiment/artifacts/scratch/world_model_state_space_v1/edge_gating_2x2_20260423_residual_farm0p00_val_rmse/train_outputs/residual_baseline_farm0p00_val_rmse_pu.csv
State-space: Edge residual control,non_overlap,24,240,0.1831207224270406,0.12352761576195632,experiment/artifacts/scratch/world_model_state_space_v1/edge_gating_2x2_20260423_residual_farm0p00_val_rmse/train_outputs/residual_baseline_farm0p00_val_rmse_pu.csv
State-space: Edge residual control,non_overlap,25,250,0.18765177289535884,0.12704112784175384,experiment/artifacts/scratch/world_model_state_space_v1/edge_gating_2x2_20260423_residual_farm0p00_val_rmse/train_outputs/residual_baseline_farm0p00_val_rmse_pu.csv
State-space: Edge residual control,non_overlap,26,260,0.18696503620278956,0.12741985221209234,experiment/artifacts/scratch/world_model_state_space_v1/edge_gating_2x2_20260423_residual_farm0p00_val_rmse/train_outputs/residual_baseline_farm0p00_val_rmse_pu.csv
State-space: Edge residual control,non_overlap,27,270,0.1921629354855656,0.13107171032781081,experiment/artifacts/scratch/world_model_state_space_v1/edge_gating_2x2_20260423_residual_farm0p00_val_rmse/train_outputs/residual_baseline_farm0p00_val_rmse_pu.csv
State-space: Edge residual control,non_overlap,28,280,0.19434990881563238,0.13243175322991532,experiment/artifacts/scratch/world_model_state_space_v1/edge_gating_2x2_20260423_residual_farm0p00_val_rmse/train_outputs/residual_baseline_farm0p00_val_rmse_pu.csv
State-space: Edge residual control,non_overlap,29,290,0.19707597194314158,0.13429157169441852,experiment/artifacts/scratch/world_model_state_space_v1/edge_gating_2x2_20260423_residual_farm0p00_val_rmse/train_outputs/residual_baseline_farm0p00_val_rmse_pu.csv
State-space: Edge residual control,non_overlap,30,300,0.19935973264286502,0.1365545150848381,experiment/artifacts/scratch/world_model_state_space_v1/edge_gating_2x2_20260423_residual_farm0p00_val_rmse/train_outputs/residual_baseline_farm0p00_val_rmse_pu.csv
State-space: Edge residual control,non_overlap,31,310,0.2008584045221363,0.13740794594577238,experiment/artifacts/scratch/world_model_state_space_v1/edge_gating_2x2_20260423_residual_farm0p00_val_rmse/train_outputs/residual_baseline_farm0p00_val_rmse_pu.csv
State-space: Edge residual control,non_overlap,32,320,0.20215086048356937,0.13875649143409924,experiment/artifacts/scratch/world_model_state_space_v1/edge_gating_2x2_20260423_residual_farm0p00_val_rmse/train_outputs/residual_baseline_farm0p00_val_rmse_pu.csv
State-space: Edge residual control,non_overlap,33,330,0.20466451405758526,0.14031468388800314,experiment/artifacts/scratch/world_model_state_space_v1/edge_gating_2x2_20260423_residual_farm0p00_val_rmse/train_outputs/residual_baseline_farm0p00_val_rmse_pu.csv
State-space: Edge residual control,non_overlap,34,340,0.20447046390583826,0.14054431881188617,experiment/artifacts/scratch/world_model_state_space_v1/edge_gating_2x2_20260423_residual_farm0p00_val_rmse/train_outputs/residual_baseline_farm0p00_val_rmse_pu.csv
State-space: Edge residual control,non_overlap,35,350,0.2071691833578353,0.14241769742429927,experiment/artifacts/scratch/world_model_state_space_v1/edge_gating_2x2_20260423_residual_farm0p00_val_rmse/train_outputs/residual_baseline_farm0p00_val_rmse_pu.csv
State-space: Edge residual control,non_overlap,36,360,0.20806068506096329,0.14288028155318505,experiment/artifacts/scratch/world_model_state_space_v1/edge_gating_2x2_20260423_residual_farm0p00_val_rmse/train_outputs/residual_baseline_farm0p00_val_rmse_pu.csv
State-space: Edge gated sum,rolling_origin_no_refit,1,10,0.07357850094650929,0.045932621294329415,experiment/artifacts/scratch/world_model_state_space_v1/edge_gating_2x2_20260423_residual_farm0p00_val_rmse/train_outputs/gated_sum_farm0p00_val_rmse_pu.csv
State-space: Edge gated sum,rolling_origin_no_refit,2,20,0.0940391343058682,0.05927776080525801,experiment/artifacts/scratch/world_model_state_space_v1/edge_gating_2x2_20260423_residual_farm0p00_val_rmse/train_outputs/gated_sum_farm0p00_val_rmse_pu.csv
State-space: Edge gated sum,rolling_origin_no_refit,3,30,0.10563879633108991,0.06709061194559948,experiment/artifacts/scratch/world_model_state_space_v1/edge_gating_2x2_20260423_residual_farm0p00_val_rmse/train_outputs/gated_sum_farm0p00_val_rmse_pu.csv
State-space: Edge gated sum,rolling_origin_no_refit,4,40,0.11415048882769521,0.07305865608045471,experiment/artifacts/scratch/world_model_state_space_v1/edge_gating_2x2_20260423_residual_farm0p00_val_rmse/train_outputs/gated_sum_farm0p00_val_rmse_pu.csv
State-space: Edge gated sum,rolling_origin_no_refit,5,50,0.12098721111947616,0.07807692078453349,experiment/artifacts/scratch/world_model_state_space_v1/edge_gating_2x2_20260423_residual_farm0p00_val_rmse/train_outputs/gated_sum_farm0p00_val_rmse_pu.csv
State-space: Edge gated sum,rolling_origin_no_refit,6,60,0.1266701276884252,0.08212246658115355,experiment/artifacts/scratch/world_model_state_space_v1/edge_gating_2x2_20260423_residual_farm0p00_val_rmse/train_outputs/gated_sum_farm0p00_val_rmse_pu.csv
State-space: Edge gated sum,rolling_origin_no_refit,7,70,0.13201758363655142,0.08599755932595757,experiment/artifacts/scratch/world_model_state_space_v1/edge_gating_2x2_20260423_residual_farm0p00_val_rmse/train_outputs/gated_sum_farm0p00_val_rmse_pu.csv
State-space: Edge gated sum,rolling_origin_no_refit,8,80,0.13683294544361574,0.08948267897496841,experiment/artifacts/scratch/world_model_state_space_v1/edge_gating_2x2_20260423_residual_farm0p00_val_rmse/train_outputs/gated_sum_farm0p00_val_rmse_pu.csv
State-space: Edge gated sum,rolling_origin_no_refit,9,90,0.14129768222503097,0.09276118469901219,experiment/artifacts/scratch/world_model_state_space_v1/edge_gating_2x2_20260423_residual_farm0p00_val_rmse/train_outputs/gated_sum_farm0p00_val_rmse_pu.csv
State-space: Edge gated sum,rolling_origin_no_refit,10,100,0.1453878250799979,0.09578431697019595,experiment/artifacts/scratch/world_model_state_space_v1/edge_gating_2x2_20260423_residual_farm0p00_val_rmse/train_outputs/gated_sum_farm0p00_val_rmse_pu.csv
State-space: Edge gated sum,rolling_origin_no_refit,11,110,0.14925876295618687,0.09861933355574187,experiment/artifacts/scratch/world_model_state_space_v1/edge_gating_2x2_20260423_residual_farm0p00_val_rmse/train_outputs/gated_sum_farm0p00_val_rmse_pu.csv
State-space: Edge gated sum,rolling_origin_no_refit,12,120,0.152821667906484,0.10111059488162383,experiment/artifacts/scratch/world_model_state_space_v1/edge_gating_2x2_20260423_residual_farm0p00_val_rmse/train_outputs/gated_sum_farm0p00_val_rmse_pu.csv
State-space: Edge gated sum,rolling_origin_no_refit,13,130,0.1566375245505029,0.103981276307574,experiment/artifacts/scratch/world_model_state_space_v1/edge_gating_2x2_20260423_residual_farm0p00_val_rmse/train_outputs/gated_sum_farm0p00_val_rmse_pu.csv
State-space: Edge gated sum,rolling_origin_no_refit,14,140,0.15966376832417833,0.10610696714758132,experiment/artifacts/scratch/world_model_state_space_v1/edge_gating_2x2_20260423_residual_farm0p00_val_rmse/train_outputs/gated_sum_farm0p00_val_rmse_pu.csv
State-space: Edge gated sum,rolling_origin_no_refit,15,150,0.16292747842272634,0.10853866936081676,experiment/artifacts/scratch/world_model_state_space_v1/edge_gating_2x2_20260423_residual_farm0p00_val_rmse/train_outputs/gated_sum_farm0p00_val_rmse_pu.csv
State-space: Edge gated sum,rolling_origin_no_refit,16,160,0.16615193721114022,0.11089418235931622,experiment/artifacts/scratch/world_model_state_space_v1/edge_gating_2x2_20260423_residual_farm0p00_val_rmse/train_outputs/gated_sum_farm0p00_val_rmse_pu.csv
State-space: Edge gated sum,rolling_origin_no_refit,17,170,0.16923367070685288,0.11317050717672952,experiment/artifacts/scratch/world_model_state_space_v1/edge_gating_2x2_20260423_residual_farm0p00_val_rmse/train_outputs/gated_sum_farm0p00_val_rmse_pu.csv
State-space: Edge gated sum,rolling_origin_no_refit,18,180,0.17224453004100573,0.11540936518170801,experiment/artifacts/scratch/world_model_state_space_v1/edge_gating_2x2_20260423_residual_farm0p00_val_rmse/train_outputs/gated_sum_farm0p00_val_rmse_pu.csv
State-space: Edge gated sum,rolling_origin_no_refit,19,190,0.17504332036162681,0.11755127379028443,experiment/artifacts/scratch/world_model_state_space_v1/edge_gating_2x2_20260423_residual_farm0p00_val_rmse/train_outputs/gated_sum_farm0p00_val_rmse_pu.csv
State-space: Edge gated sum,rolling_origin_no_refit,20,200,0.17782495388323938,0.11969440695243437,experiment/artifacts/scratch/world_model_state_space_v1/edge_gating_2x2_20260423_residual_farm0p00_val_rmse/train_outputs/gated_sum_farm0p00_val_rmse_pu.csv
State-space: Edge gated sum,rolling_origin_no_refit,21,210,0.18017601455922183,0.12151783961212563,experiment/artifacts/scratch/world_model_state_space_v1/edge_gating_2x2_20260423_residual_farm0p00_val_rmse/train_outputs/gated_sum_farm0p00_val_rmse_pu.csv
State-space: Edge gated sum,rolling_origin_no_refit,22,220,0.1829681057704003,0.12375610461961868,experiment/artifacts/scratch/world_model_state_space_v1/edge_gating_2x2_20260423_residual_farm0p00_val_rmse/train_outputs/gated_sum_farm0p00_val_rmse_pu.csv
State-space: Edge gated sum,rolling_origin_no_refit,23,230,0.18534513599826866,0.12561360711943917,experiment/artifacts/scratch/world_model_state_space_v1/edge_gating_2x2_20260423_residual_farm0p00_val_rmse/train_outputs/gated_sum_farm0p00_val_rmse_pu.csv
State-space: Edge gated sum,rolling_origin_no_refit,24,240,0.18767865565372138,0.12756144156121607,experiment/artifacts/scratch/world_model_state_space_v1/edge_gating_2x2_20260423_residual_farm0p00_val_rmse/train_outputs/gated_sum_farm0p00_val_rmse_pu.csv
State-space: Edge gated sum,rolling_origin_no_refit,25,250,0.190115918543079,0.1294224682361429,experiment/artifacts/scratch/world_model_state_space_v1/edge_gating_2x2_20260423_residual_farm0p00_val_rmse/train_outputs/gated_sum_farm0p00_val_rmse_pu.csv
State-space: Edge gated sum,rolling_origin_no_refit,26,260,0.1923440178295744,0.13135212083560163,experiment/artifacts/scratch/world_model_state_space_v1/edge_gating_2x2_20260423_residual_farm0p00_val_rmse/train_outputs/gated_sum_farm0p00_val_rmse_pu.csv
State-space: Edge gated sum,rolling_origin_no_refit,27,270,0.19433653516551247,0.13291360959904144,experiment/artifacts/scratch/world_model_state_space_v1/edge_gating_2x2_20260423_residual_farm0p00_val_rmse/train_outputs/gated_sum_farm0p00_val_rmse_pu.csv
State-space: Edge gated sum,rolling_origin_no_refit,28,280,0.19664386492072525,0.13475111724457647,experiment/artifacts/scratch/world_model_state_space_v1/edge_gating_2x2_20260423_residual_farm0p00_val_rmse/train_outputs/gated_sum_farm0p00_val_rmse_pu.csv
State-space: Edge gated sum,rolling_origin_no_refit,29,290,0.19840847722189212,0.13605961968104072,experiment/artifacts/scratch/world_model_state_space_v1/edge_gating_2x2_20260423_residual_farm0p00_val_rmse/train_outputs/gated_sum_farm0p00_val_rmse_pu.csv
State-space: Edge gated sum,rolling_origin_no_refit,30,300,0.2007178645936992,0.13796785692052765,experiment/artifacts/scratch/world_model_state_space_v1/edge_gating_2x2_20260423_residual_farm0p00_val_rmse/train_outputs/gated_sum_farm0p00_val_rmse_pu.csv
State-space: Edge gated sum,rolling_origin_no_refit,31,310,0.20239694192271482,0.13932501363004662,experiment/artifacts/scratch/world_model_state_space_v1/edge_gating_2x2_20260423_residual_farm0p00_val_rmse/train_outputs/gated_sum_farm0p00_val_rmse_pu.csv
State-space: Edge gated sum,rolling_origin_no_refit,32,320,0.2041160678752293,0.14079843836706799,experiment/artifacts/scratch/world_model_state_space_v1/edge_gating_2x2_20260423_residual_farm0p00_val_rmse/train_outputs/gated_sum_farm0p00_val_rmse_pu.csv
State-space: Edge gated sum,rolling_origin_no_refit,33,330,0.2061030005215161,0.14226331891685717,experiment/artifacts/scratch/world_model_state_space_v1/edge_gating_2x2_20260423_residual_farm0p00_val_rmse/train_outputs/gated_sum_farm0p00_val_rmse_pu.csv
State-space: Edge gated sum,rolling_origin_no_refit,34,340,0.2077575269455592,0.14374208203829825,experiment/artifacts/scratch/world_model_state_space_v1/edge_gating_2x2_20260423_residual_farm0p00_val_rmse/train_outputs/gated_sum_farm0p00_val_rmse_pu.csv
State-space: Edge gated sum,rolling_origin_no_refit,35,350,0.20943203114812262,0.14505699581656534,experiment/artifacts/scratch/world_model_state_space_v1/edge_gating_2x2_20260423_residual_farm0p00_val_rmse/train_outputs/gated_sum_farm0p00_val_rmse_pu.csv
State-space: Edge gated sum,rolling_origin_no_refit,36,360,0.21132577995013174,0.1465096806185693,experiment/artifacts/scratch/world_model_state_space_v1/edge_gating_2x2_20260423_residual_farm0p00_val_rmse/train_outputs/gated_sum_farm0p00_val_rmse_pu.csv
State-space: Edge gated sum,non_overlap,1,10,0.07411343345239138,0.04653001345869988,experiment/artifacts/scratch/world_model_state_space_v1/edge_gating_2x2_20260423_residual_farm0p00_val_rmse/train_outputs/gated_sum_farm0p00_val_rmse_pu.csv
State-space: Edge gated sum,non_overlap,2,20,0.09540049922020072,0.06017222199699553,experiment/artifacts/scratch/world_model_state_space_v1/edge_gating_2x2_20260423_residual_farm0p00_val_rmse/train_outputs/gated_sum_farm0p00_val_rmse_pu.csv
State-space: Edge gated sum,non_overlap,3,30,0.10520827415542111,0.06679930350807105,experiment/artifacts/scratch/world_model_state_space_v1/edge_gating_2x2_20260423_residual_farm0p00_val_rmse/train_outputs/gated_sum_farm0p00_val_rmse_pu.csv
State-space: Edge gated sum,non_overlap,4,40,0.11411337804843585,0.07341417276863844,experiment/artifacts/scratch/world_model_state_space_v1/edge_gating_2x2_20260423_residual_farm0p00_val_rmse/train_outputs/gated_sum_farm0p00_val_rmse_pu.csv
State-space: Edge gated sum,non_overlap,5,50,0.12041164064364304,0.07840227972826534,experiment/artifacts/scratch/world_model_state_space_v1/edge_gating_2x2_20260423_residual_farm0p00_val_rmse/train_outputs/gated_sum_farm0p00_val_rmse_pu.csv
State-space: Edge gated sum,non_overlap,6,60,0.1270896037227871,0.08304285785746794,experiment/artifacts/scratch/world_model_state_space_v1/edge_gating_2x2_20260423_residual_farm0p00_val_rmse/train_outputs/gated_sum_farm0p00_val_rmse_pu.csv
State-space: Edge gated sum,non_overlap,7,70,0.13130331694964376,0.08575787020380649,experiment/artifacts/scratch/world_model_state_space_v1/edge_gating_2x2_20260423_residual_farm0p00_val_rmse/train_outputs/gated_sum_farm0p00_val_rmse_pu.csv
State-space: Edge gated sum,non_overlap,8,80,0.13458073929540137,0.08860339935828564,experiment/artifacts/scratch/world_model_state_space_v1/edge_gating_2x2_20260423_residual_farm0p00_val_rmse/train_outputs/gated_sum_farm0p00_val_rmse_pu.csv
State-space: Edge gated sum,non_overlap,9,90,0.13823938983819492,0.09136095615073517,experiment/artifacts/scratch/world_model_state_space_v1/edge_gating_2x2_20260423_residual_farm0p00_val_rmse/train_outputs/gated_sum_farm0p00_val_rmse_pu.csv
State-space: Edge gated sum,non_overlap,10,100,0.14289920952694263,0.0950404556078776,experiment/artifacts/scratch/world_model_state_space_v1/edge_gating_2x2_20260423_residual_farm0p00_val_rmse/train_outputs/gated_sum_farm0p00_val_rmse_pu.csv
State-space: Edge gated sum,non_overlap,11,110,0.1511599373449837,0.10000368440963384,experiment/artifacts/scratch/world_model_state_space_v1/edge_gating_2x2_20260423_residual_farm0p00_val_rmse/train_outputs/gated_sum_farm0p00_val_rmse_pu.csv
State-space: Edge gated sum,non_overlap,12,120,0.15462563349577707,0.10238294115263068,experiment/artifacts/scratch/world_model_state_space_v1/edge_gating_2x2_20260423_residual_farm0p00_val_rmse/train_outputs/gated_sum_farm0p00_val_rmse_pu.csv
State-space: Edge gated sum,non_overlap,13,130,0.15693254298410025,0.10439322995131717,experiment/artifacts/scratch/world_model_state_space_v1/edge_gating_2x2_20260423_residual_farm0p00_val_rmse/train_outputs/gated_sum_farm0p00_val_rmse_pu.csv
State-space: Edge gated sum,non_overlap,14,140,0.15971460497407924,0.10598167149043175,experiment/artifacts/scratch/world_model_state_space_v1/edge_gating_2x2_20260423_residual_farm0p00_val_rmse/train_outputs/gated_sum_farm0p00_val_rmse_pu.csv
State-space: Edge gated sum,non_overlap,15,150,0.16170956286476035,0.10787034683549207,experiment/artifacts/scratch/world_model_state_space_v1/edge_gating_2x2_20260423_residual_farm0p00_val_rmse/train_outputs/gated_sum_farm0p00_val_rmse_pu.csv
State-space: Edge gated sum,non_overlap,16,160,0.1629272079957567,0.10966112837124,experiment/artifacts/scratch/world_model_state_space_v1/edge_gating_2x2_20260423_residual_farm0p00_val_rmse/train_outputs/gated_sum_farm0p00_val_rmse_pu.csv
State-space: Edge gated sum,non_overlap,17,170,0.1675433941444004,0.11166582147752521,experiment/artifacts/scratch/world_model_state_space_v1/edge_gating_2x2_20260423_residual_farm0p00_val_rmse/train_outputs/gated_sum_farm0p00_val_rmse_pu.csv
State-space: Edge gated sum,non_overlap,18,180,0.17084892101147017,0.1136205360423808,experiment/artifacts/scratch/world_model_state_space_v1/edge_gating_2x2_20260423_residual_farm0p00_val_rmse/train_outputs/gated_sum_farm0p00_val_rmse_pu.csv
State-space: Edge gated sum,non_overlap,19,190,0.17330301102304915,0.11616743956805875,experiment/artifacts/scratch/world_model_state_space_v1/edge_gating_2x2_20260423_residual_farm0p00_val_rmse/train_outputs/gated_sum_farm0p00_val_rmse_pu.csv
State-space: Edge gated sum,non_overlap,20,200,0.17625359692741543,0.1179712827699426,experiment/artifacts/scratch/world_model_state_space_v1/edge_gating_2x2_20260423_residual_farm0p00_val_rmse/train_outputs/gated_sum_farm0p00_val_rmse_pu.csv
State-space: Edge gated sum,non_overlap,21,210,0.17771591986435004,0.1196044014669392,experiment/artifacts/scratch/world_model_state_space_v1/edge_gating_2x2_20260423_residual_farm0p00_val_rmse/train_outputs/gated_sum_farm0p00_val_rmse_pu.csv
State-space: Edge gated sum,non_overlap,22,220,0.18089101822925585,0.12229924697934469,experiment/artifacts/scratch/world_model_state_space_v1/edge_gating_2x2_20260423_residual_farm0p00_val_rmse/train_outputs/gated_sum_farm0p00_val_rmse_pu.csv
State-space: Edge gated sum,non_overlap,23,230,0.18177967147361349,0.12291996649920872,experiment/artifacts/scratch/world_model_state_space_v1/edge_gating_2x2_20260423_residual_farm0p00_val_rmse/train_outputs/gated_sum_farm0p00_val_rmse_pu.csv
State-space: Edge gated sum,non_overlap,24,240,0.1846646153916152,0.1253981437120437,experiment/artifacts/scratch/world_model_state_space_v1/edge_gating_2x2_20260423_residual_farm0p00_val_rmse/train_outputs/gated_sum_farm0p00_val_rmse_pu.csv
State-space: Edge gated sum,non_overlap,25,250,0.18899912734510474,0.1287055154117453,experiment/artifacts/scratch/world_model_state_space_v1/edge_gating_2x2_20260423_residual_farm0p00_val_rmse/train_outputs/gated_sum_farm0p00_val_rmse_pu.csv
State-space: Edge gated sum,non_overlap,26,260,0.18843401809162907,0.12920033257536911,experiment/artifacts/scratch/world_model_state_space_v1/edge_gating_2x2_20260423_residual_farm0p00_val_rmse/train_outputs/gated_sum_farm0p00_val_rmse_pu.csv
State-space: Edge gated sum,non_overlap,27,270,0.19358236997740857,0.13265710532988673,experiment/artifacts/scratch/world_model_state_space_v1/edge_gating_2x2_20260423_residual_farm0p00_val_rmse/train_outputs/gated_sum_farm0p00_val_rmse_pu.csv
State-space: Edge gated sum,non_overlap,28,280,0.1954862576600245,0.133931445722362,experiment/artifacts/scratch/world_model_state_space_v1/edge_gating_2x2_20260423_residual_farm0p00_val_rmse/train_outputs/gated_sum_farm0p00_val_rmse_pu.csv
State-space: Edge gated sum,non_overlap,29,290,0.19822319111209055,0.1360878331537983,experiment/artifacts/scratch/world_model_state_space_v1/edge_gating_2x2_20260423_residual_farm0p00_val_rmse/train_outputs/gated_sum_farm0p00_val_rmse_pu.csv
State-space: Edge gated sum,non_overlap,30,300,0.20027419644295852,0.13814620372742026,experiment/artifacts/scratch/world_model_state_space_v1/edge_gating_2x2_20260423_residual_farm0p00_val_rmse/train_outputs/gated_sum_farm0p00_val_rmse_pu.csv
State-space: Edge gated sum,non_overlap,31,310,0.20178627643360822,0.13922296005411713,experiment/artifacts/scratch/world_model_state_space_v1/edge_gating_2x2_20260423_residual_farm0p00_val_rmse/train_outputs/gated_sum_farm0p00_val_rmse_pu.csv
State-space: Edge gated sum,non_overlap,32,320,0.20292064409794525,0.14056723573234645,experiment/artifacts/scratch/world_model_state_space_v1/edge_gating_2x2_20260423_residual_farm0p00_val_rmse/train_outputs/gated_sum_farm0p00_val_rmse_pu.csv
State-space: Edge gated sum,non_overlap,33,330,0.20554069878775624,0.14198036025799318,experiment/artifacts/scratch/world_model_state_space_v1/edge_gating_2x2_20260423_residual_farm0p00_val_rmse/train_outputs/gated_sum_farm0p00_val_rmse_pu.csv
State-space: Edge gated sum,non_overlap,34,340,0.20635110830042822,0.14311519414338686,experiment/artifacts/scratch/world_model_state_space_v1/edge_gating_2x2_20260423_residual_farm0p00_val_rmse/train_outputs/gated_sum_farm0p00_val_rmse_pu.csv
State-space: Edge gated sum,non_overlap,35,350,0.20894692757613179,0.1445320833691294,experiment/artifacts/scratch/world_model_state_space_v1/edge_gating_2x2_20260423_residual_farm0p00_val_rmse/train_outputs/gated_sum_farm0p00_val_rmse_pu.csv
State-space: Edge gated sum,non_overlap,36,360,0.20982343768209596,0.14533953582379938,experiment/artifacts/scratch/world_model_state_space_v1/edge_gating_2x2_20260423_residual_farm0p00_val_rmse/train_outputs/gated_sum_farm0p00_val_rmse_pu.csv
State-space: Edge rotor wake,rolling_origin_no_refit,1,10,0.07354767377187726,0.0463425863660422,experiment/artifacts/scratch/world_model_state_space_v1/edge_gating_2x2_20260423_residual_farm0p00_val_rmse/train_outputs/rotor_units_wake_farm0p00_val_rmse_pu.csv
State-space: Edge rotor wake,rolling_origin_no_refit,2,20,0.09417553993637182,0.05956148619232512,experiment/artifacts/scratch/world_model_state_space_v1/edge_gating_2x2_20260423_residual_farm0p00_val_rmse/train_outputs/rotor_units_wake_farm0p00_val_rmse_pu.csv
State-space: Edge rotor wake,rolling_origin_no_refit,3,30,0.10563540429014787,0.06720478810802603,experiment/artifacts/scratch/world_model_state_space_v1/edge_gating_2x2_20260423_residual_farm0p00_val_rmse/train_outputs/rotor_units_wake_farm0p00_val_rmse_pu.csv
State-space: Edge rotor wake,rolling_origin_no_refit,4,40,0.11391169664495027,0.07295936579466802,experiment/artifacts/scratch/world_model_state_space_v1/edge_gating_2x2_20260423_residual_farm0p00_val_rmse/train_outputs/rotor_units_wake_farm0p00_val_rmse_pu.csv
State-space: Edge rotor wake,rolling_origin_no_refit,5,50,0.12045866615612644,0.07778266244545015,experiment/artifacts/scratch/world_model_state_space_v1/edge_gating_2x2_20260423_residual_farm0p00_val_rmse/train_outputs/rotor_units_wake_farm0p00_val_rmse_pu.csv
State-space: Edge rotor wake,rolling_origin_no_refit,6,60,0.12601744828183273,0.08174258010802159,experiment/artifacts/scratch/world_model_state_space_v1/edge_gating_2x2_20260423_residual_farm0p00_val_rmse/train_outputs/rotor_units_wake_farm0p00_val_rmse_pu.csv
State-space: Edge rotor wake,rolling_origin_no_refit,7,70,0.13109763137273822,0.08549912156752022,experiment/artifacts/scratch/world_model_state_space_v1/edge_gating_2x2_20260423_residual_farm0p00_val_rmse/train_outputs/rotor_units_wake_farm0p00_val_rmse_pu.csv
State-space: Edge rotor wake,rolling_origin_no_refit,8,80,0.1357918199511821,0.08888779085300565,experiment/artifacts/scratch/world_model_state_space_v1/edge_gating_2x2_20260423_residual_farm0p00_val_rmse/train_outputs/rotor_units_wake_farm0p00_val_rmse_pu.csv
State-space: Edge rotor wake,rolling_origin_no_refit,9,90,0.1401955709774086,0.09214421472148378,experiment/artifacts/scratch/world_model_state_space_v1/edge_gating_2x2_20260423_residual_farm0p00_val_rmse/train_outputs/rotor_units_wake_farm0p00_val_rmse_pu.csv
State-space: Edge rotor wake,rolling_origin_no_refit,10,100,0.1442325232242269,0.09515521439981466,experiment/artifacts/scratch/world_model_state_space_v1/edge_gating_2x2_20260423_residual_farm0p00_val_rmse/train_outputs/rotor_units_wake_farm0p00_val_rmse_pu.csv
State-space: Edge rotor wake,rolling_origin_no_refit,11,110,0.14814145638815107,0.09786819982675395,experiment/artifacts/scratch/world_model_state_space_v1/edge_gating_2x2_20260423_residual_farm0p00_val_rmse/train_outputs/rotor_units_wake_farm0p00_val_rmse_pu.csv
State-space: Edge rotor wake,rolling_origin_no_refit,12,120,0.15172413072838,0.10047180024117412,experiment/artifacts/scratch/world_model_state_space_v1/edge_gating_2x2_20260423_residual_farm0p00_val_rmse/train_outputs/rotor_units_wake_farm0p00_val_rmse_pu.csv
State-space: Edge rotor wake,rolling_origin_no_refit,13,130,0.15550029519423603,0.1031247521223023,experiment/artifacts/scratch/world_model_state_space_v1/edge_gating_2x2_20260423_residual_farm0p00_val_rmse/train_outputs/rotor_units_wake_farm0p00_val_rmse_pu.csv
State-space: Edge rotor wake,rolling_origin_no_refit,14,140,0.15873272457450469,0.10551408422854376,experiment/artifacts/scratch/world_model_state_space_v1/edge_gating_2x2_20260423_residual_farm0p00_val_rmse/train_outputs/rotor_units_wake_farm0p00_val_rmse_pu.csv
State-space: Edge rotor wake,rolling_origin_no_refit,15,150,0.16216964170610576,0.1079109715344474,experiment/artifacts/scratch/world_model_state_space_v1/edge_gating_2x2_20260423_residual_farm0p00_val_rmse/train_outputs/rotor_units_wake_farm0p00_val_rmse_pu.csv
State-space: Edge rotor wake,rolling_origin_no_refit,16,160,0.16546289375153037,0.11025090476042895,experiment/artifacts/scratch/world_model_state_space_v1/edge_gating_2x2_20260423_residual_farm0p00_val_rmse/train_outputs/rotor_units_wake_farm0p00_val_rmse_pu.csv
State-space: Edge rotor wake,rolling_origin_no_refit,17,170,0.16866628603662087,0.11259672510709864,experiment/artifacts/scratch/world_model_state_space_v1/edge_gating_2x2_20260423_residual_farm0p00_val_rmse/train_outputs/rotor_units_wake_farm0p00_val_rmse_pu.csv
State-space: Edge rotor wake,rolling_origin_no_refit,18,180,0.17177772714693848,0.11485527704690991,experiment/artifacts/scratch/world_model_state_space_v1/edge_gating_2x2_20260423_residual_farm0p00_val_rmse/train_outputs/rotor_units_wake_farm0p00_val_rmse_pu.csv
State-space: Edge rotor wake,rolling_origin_no_refit,19,190,0.17480498814785164,0.11708635660468156,experiment/artifacts/scratch/world_model_state_space_v1/edge_gating_2x2_20260423_residual_farm0p00_val_rmse/train_outputs/rotor_units_wake_farm0p00_val_rmse_pu.csv
State-space: Edge rotor wake,rolling_origin_no_refit,20,200,0.17779572693669551,0.11925077224168219,experiment/artifacts/scratch/world_model_state_space_v1/edge_gating_2x2_20260423_residual_farm0p00_val_rmse/train_outputs/rotor_units_wake_farm0p00_val_rmse_pu.csv
State-space: Edge rotor wake,rolling_origin_no_refit,21,210,0.18025273485309634,0.12113409360889663,experiment/artifacts/scratch/world_model_state_space_v1/edge_gating_2x2_20260423_residual_farm0p00_val_rmse/train_outputs/rotor_units_wake_farm0p00_val_rmse_pu.csv
State-space: Edge rotor wake,rolling_origin_no_refit,22,220,0.18312811729800776,0.1232718096526661,experiment/artifacts/scratch/world_model_state_space_v1/edge_gating_2x2_20260423_residual_farm0p00_val_rmse/train_outputs/rotor_units_wake_farm0p00_val_rmse_pu.csv
State-space: Edge rotor wake,rolling_origin_no_refit,23,230,0.18568935846281293,0.1252030507177314,experiment/artifacts/scratch/world_model_state_space_v1/edge_gating_2x2_20260423_residual_farm0p00_val_rmse/train_outputs/rotor_units_wake_farm0p00_val_rmse_pu.csv
State-space: Edge rotor wake,rolling_origin_no_refit,24,240,0.18830663144243373,0.12725575704317443,experiment/artifacts/scratch/world_model_state_space_v1/edge_gating_2x2_20260423_residual_farm0p00_val_rmse/train_outputs/rotor_units_wake_farm0p00_val_rmse_pu.csv
State-space: Edge rotor wake,rolling_origin_no_refit,25,250,0.19090226926571252,0.12917271885650725,experiment/artifacts/scratch/world_model_state_space_v1/edge_gating_2x2_20260423_residual_farm0p00_val_rmse/train_outputs/rotor_units_wake_farm0p00_val_rmse_pu.csv
State-space: Edge rotor wake,rolling_origin_no_refit,26,260,0.1931370265769025,0.13096072049651367,experiment/artifacts/scratch/world_model_state_space_v1/edge_gating_2x2_20260423_residual_farm0p00_val_rmse/train_outputs/rotor_units_wake_farm0p00_val_rmse_pu.csv
State-space: Edge rotor wake,rolling_origin_no_refit,27,270,0.19559495417247047,0.13285894276131133,experiment/artifacts/scratch/world_model_state_space_v1/edge_gating_2x2_20260423_residual_farm0p00_val_rmse/train_outputs/rotor_units_wake_farm0p00_val_rmse_pu.csv
State-space: Edge rotor wake,rolling_origin_no_refit,28,280,0.1975962916775748,0.13442855713467516,experiment/artifacts/scratch/world_model_state_space_v1/edge_gating_2x2_20260423_residual_farm0p00_val_rmse/train_outputs/rotor_units_wake_farm0p00_val_rmse_pu.csv
State-space: Edge rotor wake,rolling_origin_no_refit,29,290,0.19951777252556047,0.13585439928426749,experiment/artifacts/scratch/world_model_state_space_v1/edge_gating_2x2_20260423_residual_farm0p00_val_rmse/train_outputs/rotor_units_wake_farm0p00_val_rmse_pu.csv
State-space: Edge rotor wake,rolling_origin_no_refit,30,300,0.2020259408617866,0.13774863668659781,experiment/artifacts/scratch/world_model_state_space_v1/edge_gating_2x2_20260423_residual_farm0p00_val_rmse/train_outputs/rotor_units_wake_farm0p00_val_rmse_pu.csv
State-space: Edge rotor wake,rolling_origin_no_refit,31,310,0.20385010357993943,0.13910897623964896,experiment/artifacts/scratch/world_model_state_space_v1/edge_gating_2x2_20260423_residual_farm0p00_val_rmse/train_outputs/rotor_units_wake_farm0p00_val_rmse_pu.csv
State-space: Edge rotor wake,rolling_origin_no_refit,32,320,0.20573614696025178,0.14064090561976897,experiment/artifacts/scratch/world_model_state_space_v1/edge_gating_2x2_20260423_residual_farm0p00_val_rmse/train_outputs/rotor_units_wake_farm0p00_val_rmse_pu.csv
State-space: Edge rotor wake,rolling_origin_no_refit,33,330,0.20781980502608038,0.14217569078529468,experiment/artifacts/scratch/world_model_state_space_v1/edge_gating_2x2_20260423_residual_farm0p00_val_rmse/train_outputs/rotor_units_wake_farm0p00_val_rmse_pu.csv
State-space: Edge rotor wake,rolling_origin_no_refit,34,340,0.20940400473462248,0.14354265004542566,experiment/artifacts/scratch/world_model_state_space_v1/edge_gating_2x2_20260423_residual_farm0p00_val_rmse/train_outputs/rotor_units_wake_farm0p00_val_rmse_pu.csv
State-space: Edge rotor wake,rolling_origin_no_refit,35,350,0.2113093472227508,0.14491602953613208,experiment/artifacts/scratch/world_model_state_space_v1/edge_gating_2x2_20260423_residual_farm0p00_val_rmse/train_outputs/rotor_units_wake_farm0p00_val_rmse_pu.csv
State-space: Edge rotor wake,rolling_origin_no_refit,36,360,0.21318524938761488,0.14630902037861493,experiment/artifacts/scratch/world_model_state_space_v1/edge_gating_2x2_20260423_residual_farm0p00_val_rmse/train_outputs/rotor_units_wake_farm0p00_val_rmse_pu.csv
State-space: Edge rotor wake,non_overlap,1,10,0.07400516947642528,0.04708339165332748,experiment/artifacts/scratch/world_model_state_space_v1/edge_gating_2x2_20260423_residual_farm0p00_val_rmse/train_outputs/rotor_units_wake_farm0p00_val_rmse_pu.csv
State-space: Edge rotor wake,non_overlap,2,20,0.09550190773290236,0.060619678123658635,experiment/artifacts/scratch/world_model_state_space_v1/edge_gating_2x2_20260423_residual_farm0p00_val_rmse/train_outputs/rotor_units_wake_farm0p00_val_rmse_pu.csv
State-space: Edge rotor wake,non_overlap,3,30,0.10508097936975905,0.06688807534639155,experiment/artifacts/scratch/world_model_state_space_v1/edge_gating_2x2_20260423_residual_farm0p00_val_rmse/train_outputs/rotor_units_wake_farm0p00_val_rmse_pu.csv
State-space: Edge rotor wake,non_overlap,4,40,0.11282543794150818,0.07301059630950667,experiment/artifacts/scratch/world_model_state_space_v1/edge_gating_2x2_20260423_residual_farm0p00_val_rmse/train_outputs/rotor_units_wake_farm0p00_val_rmse_pu.csv
State-space: Edge rotor wake,non_overlap,5,50,0.118773925776407,0.07780450097990903,experiment/artifacts/scratch/world_model_state_space_v1/edge_gating_2x2_20260423_residual_farm0p00_val_rmse/train_outputs/rotor_units_wake_farm0p00_val_rmse_pu.csv
State-space: Edge rotor wake,non_overlap,6,60,0.12503838902702877,0.08224359572522763,experiment/artifacts/scratch/world_model_state_space_v1/edge_gating_2x2_20260423_residual_farm0p00_val_rmse/train_outputs/rotor_units_wake_farm0p00_val_rmse_pu.csv
State-space: Edge rotor wake,non_overlap,7,70,0.12965663562574428,0.08504490075373629,experiment/artifacts/scratch/world_model_state_space_v1/edge_gating_2x2_20260423_residual_farm0p00_val_rmse/train_outputs/rotor_units_wake_farm0p00_val_rmse_pu.csv
State-space: Edge rotor wake,non_overlap,8,80,0.13292483746151082,0.08798232842343738,experiment/artifacts/scratch/world_model_state_space_v1/edge_gating_2x2_20260423_residual_farm0p00_val_rmse/train_outputs/rotor_units_wake_farm0p00_val_rmse_pu.csv
State-space: Edge rotor wake,non_overlap,9,90,0.13622995672143942,0.09035327304698099,experiment/artifacts/scratch/world_model_state_space_v1/edge_gating_2x2_20260423_residual_farm0p00_val_rmse/train_outputs/rotor_units_wake_farm0p00_val_rmse_pu.csv
State-space: Edge rotor wake,non_overlap,10,100,0.1409995875554447,0.09389780911665041,experiment/artifacts/scratch/world_model_state_space_v1/edge_gating_2x2_20260423_residual_farm0p00_val_rmse/train_outputs/rotor_units_wake_farm0p00_val_rmse_pu.csv
State-space: Edge rotor wake,non_overlap,11,110,0.14953122570006797,0.09853662815468747,experiment/artifacts/scratch/world_model_state_space_v1/edge_gating_2x2_20260423_residual_farm0p00_val_rmse/train_outputs/rotor_units_wake_farm0p00_val_rmse_pu.csv
State-space: Edge rotor wake,non_overlap,12,120,0.15279254295809913,0.10107603324423309,experiment/artifacts/scratch/world_model_state_space_v1/edge_gating_2x2_20260423_residual_farm0p00_val_rmse/train_outputs/rotor_units_wake_farm0p00_val_rmse_pu.csv
State-space: Edge rotor wake,non_overlap,13,130,0.15535702582074812,0.10302719516655501,experiment/artifacts/scratch/world_model_state_space_v1/edge_gating_2x2_20260423_residual_farm0p00_val_rmse/train_outputs/rotor_units_wake_farm0p00_val_rmse_pu.csv
State-space: Edge rotor wake,non_overlap,14,140,0.15842640088310317,0.10494695081260165,experiment/artifacts/scratch/world_model_state_space_v1/edge_gating_2x2_20260423_residual_farm0p00_val_rmse/train_outputs/rotor_units_wake_farm0p00_val_rmse_pu.csv
State-space: Edge rotor wake,non_overlap,15,150,0.1610118607304595,0.1067679941204905,experiment/artifacts/scratch/world_model_state_space_v1/edge_gating_2x2_20260423_residual_farm0p00_val_rmse/train_outputs/rotor_units_wake_farm0p00_val_rmse_pu.csv
State-space: Edge rotor wake,non_overlap,16,160,0.1627350634235816,0.10898772743969369,experiment/artifacts/scratch/world_model_state_space_v1/edge_gating_2x2_20260423_residual_farm0p00_val_rmse/train_outputs/rotor_units_wake_farm0p00_val_rmse_pu.csv
State-space: Edge rotor wake,non_overlap,17,170,0.16736837636668495,0.11101893469704603,experiment/artifacts/scratch/world_model_state_space_v1/edge_gating_2x2_20260423_residual_farm0p00_val_rmse/train_outputs/rotor_units_wake_farm0p00_val_rmse_pu.csv
State-space: Edge rotor wake,non_overlap,18,180,0.1707407218639981,0.11300183420919088,experiment/artifacts/scratch/world_model_state_space_v1/edge_gating_2x2_20260423_residual_farm0p00_val_rmse/train_outputs/rotor_units_wake_farm0p00_val_rmse_pu.csv
State-space: Edge rotor wake,non_overlap,19,190,0.17364219766950806,0.11570965493496946,experiment/artifacts/scratch/world_model_state_space_v1/edge_gating_2x2_20260423_residual_farm0p00_val_rmse/train_outputs/rotor_units_wake_farm0p00_val_rmse_pu.csv
State-space: Edge rotor wake,non_overlap,20,200,0.1766482232388785,0.1174797342155345,experiment/artifacts/scratch/world_model_state_space_v1/edge_gating_2x2_20260423_residual_farm0p00_val_rmse/train_outputs/rotor_units_wake_farm0p00_val_rmse_pu.csv
State-space: Edge rotor wake,non_overlap,21,210,0.17826515462871065,0.11904913950213086,experiment/artifacts/scratch/world_model_state_space_v1/edge_gating_2x2_20260423_residual_farm0p00_val_rmse/train_outputs/rotor_units_wake_farm0p00_val_rmse_pu.csv
State-space: Edge rotor wake,non_overlap,22,220,0.18160660582914043,0.12169715592296355,experiment/artifacts/scratch/world_model_state_space_v1/edge_gating_2x2_20260423_residual_farm0p00_val_rmse/train_outputs/rotor_units_wake_farm0p00_val_rmse_pu.csv
State-space: Edge rotor wake,non_overlap,23,230,0.18235609831310712,0.12224174554097907,experiment/artifacts/scratch/world_model_state_space_v1/edge_gating_2x2_20260423_residual_farm0p00_val_rmse/train_outputs/rotor_units_wake_farm0p00_val_rmse_pu.csv
State-space: Edge rotor wake,non_overlap,24,240,0.1856820138207162,0.12505222342722366,experiment/artifacts/scratch/world_model_state_space_v1/edge_gating_2x2_20260423_residual_farm0p00_val_rmse/train_outputs/rotor_units_wake_farm0p00_val_rmse_pu.csv
State-space: Edge rotor wake,non_overlap,25,250,0.19069540332354748,0.12863857757238997,experiment/artifacts/scratch/world_model_state_space_v1/edge_gating_2x2_20260423_residual_farm0p00_val_rmse/train_outputs/rotor_units_wake_farm0p00_val_rmse_pu.csv
State-space: Edge rotor wake,non_overlap,26,260,0.19076679207939906,0.1298225163713385,experiment/artifacts/scratch/world_model_state_space_v1/edge_gating_2x2_20260423_residual_farm0p00_val_rmse/train_outputs/rotor_units_wake_farm0p00_val_rmse_pu.csv
State-space: Edge rotor wake,non_overlap,27,270,0.1966366558542404,0.1335634513438566,experiment/artifacts/scratch/world_model_state_space_v1/edge_gating_2x2_20260423_residual_farm0p00_val_rmse/train_outputs/rotor_units_wake_farm0p00_val_rmse_pu.csv
State-space: Edge rotor wake,non_overlap,28,280,0.19828477820534507,0.13457984697859848,experiment/artifacts/scratch/world_model_state_space_v1/edge_gating_2x2_20260423_residual_farm0p00_val_rmse/train_outputs/rotor_units_wake_farm0p00_val_rmse_pu.csv
State-space: Edge rotor wake,non_overlap,29,290,0.2011594593715682,0.13648388320348334,experiment/artifacts/scratch/world_model_state_space_v1/edge_gating_2x2_20260423_residual_farm0p00_val_rmse/train_outputs/rotor_units_wake_farm0p00_val_rmse_pu.csv
State-space: Edge rotor wake,non_overlap,30,300,0.20284722272550998,0.13843210588951393,experiment/artifacts/scratch/world_model_state_space_v1/edge_gating_2x2_20260423_residual_farm0p00_val_rmse/train_outputs/rotor_units_wake_farm0p00_val_rmse_pu.csv
State-space: Edge rotor wake,non_overlap,31,310,0.20435256193569085,0.1391593849324848,experiment/artifacts/scratch/world_model_state_space_v1/edge_gating_2x2_20260423_residual_farm0p00_val_rmse/train_outputs/rotor_units_wake_farm0p00_val_rmse_pu.csv
State-space: Edge rotor wake,non_overlap,32,320,0.20519122972655413,0.13994138184801672,experiment/artifacts/scratch/world_model_state_space_v1/edge_gating_2x2_20260423_residual_farm0p00_val_rmse/train_outputs/rotor_units_wake_farm0p00_val_rmse_pu.csv
State-space: Edge rotor wake,non_overlap,33,330,0.20816795791264794,0.1417228390885398,experiment/artifacts/scratch/world_model_state_space_v1/edge_gating_2x2_20260423_residual_farm0p00_val_rmse/train_outputs/rotor_units_wake_farm0p00_val_rmse_pu.csv
State-space: Edge rotor wake,non_overlap,34,340,0.20802401862904832,0.14262996289776345,experiment/artifacts/scratch/world_model_state_space_v1/edge_gating_2x2_20260423_residual_farm0p00_val_rmse/train_outputs/rotor_units_wake_farm0p00_val_rmse_pu.csv
State-space: Edge rotor wake,non_overlap,35,350,0.20995384389365185,0.14366433885903598,experiment/artifacts/scratch/world_model_state_space_v1/edge_gating_2x2_20260423_residual_farm0p00_val_rmse/train_outputs/rotor_units_wake_farm0p00_val_rmse_pu.csv
State-space: Edge rotor wake,non_overlap,36,360,0.2115315242297571,0.1444027825762943,experiment/artifacts/scratch/world_model_state_space_v1/edge_gating_2x2_20260423_residual_farm0p00_val_rmse/train_outputs/rotor_units_wake_farm0p00_val_rmse_pu.csv
State-space: Edge gated + rotor wake,rolling_origin_no_refit,1,10,0.07297702216713624,0.045259890284015315,experiment/artifacts/scratch/world_model_state_space_v1/edge_gating_2x2_20260423_residual_farm0p00_val_rmse/train_outputs/gated_sum_rotor_units_wake_farm0p00_val_rmse_pu.csv
State-space: Edge gated + rotor wake,rolling_origin_no_refit,2,20,0.09375881322545254,0.058490149136405926,experiment/artifacts/scratch/world_model_state_space_v1/edge_gating_2x2_20260423_residual_farm0p00_val_rmse/train_outputs/gated_sum_rotor_units_wake_farm0p00_val_rmse_pu.csv
State-space: Edge gated + rotor wake,rolling_origin_no_refit,3,30,0.10557998860636034,0.06628966274785567,experiment/artifacts/scratch/world_model_state_space_v1/edge_gating_2x2_20260423_residual_farm0p00_val_rmse/train_outputs/gated_sum_rotor_units_wake_farm0p00_val_rmse_pu.csv
State-space: Edge gated + rotor wake,rolling_origin_no_refit,4,40,0.11403149141240985,0.07219031075775187,experiment/artifacts/scratch/world_model_state_space_v1/edge_gating_2x2_20260423_residual_farm0p00_val_rmse/train_outputs/gated_sum_rotor_units_wake_farm0p00_val_rmse_pu.csv
State-space: Edge gated + rotor wake,rolling_origin_no_refit,5,50,0.1206256856686303,0.07700334889568097,experiment/artifacts/scratch/world_model_state_space_v1/edge_gating_2x2_20260423_residual_farm0p00_val_rmse/train_outputs/gated_sum_rotor_units_wake_farm0p00_val_rmse_pu.csv
State-space: Edge gated + rotor wake,rolling_origin_no_refit,6,60,0.12636297183366116,0.08115809210030658,experiment/artifacts/scratch/world_model_state_space_v1/edge_gating_2x2_20260423_residual_farm0p00_val_rmse/train_outputs/gated_sum_rotor_units_wake_farm0p00_val_rmse_pu.csv
State-space: Edge gated + rotor wake,rolling_origin_no_refit,7,70,0.13135295297191973,0.08498105020831624,experiment/artifacts/scratch/world_model_state_space_v1/edge_gating_2x2_20260423_residual_farm0p00_val_rmse/train_outputs/gated_sum_rotor_units_wake_farm0p00_val_rmse_pu.csv
State-space: Edge gated + rotor wake,rolling_origin_no_refit,8,80,0.1360731119849863,0.08844420151964058,experiment/artifacts/scratch/world_model_state_space_v1/edge_gating_2x2_20260423_residual_farm0p00_val_rmse/train_outputs/gated_sum_rotor_units_wake_farm0p00_val_rmse_pu.csv
State-space: Edge gated + rotor wake,rolling_origin_no_refit,9,90,0.14050384915271752,0.09171634426248686,experiment/artifacts/scratch/world_model_state_space_v1/edge_gating_2x2_20260423_residual_farm0p00_val_rmse/train_outputs/gated_sum_rotor_units_wake_farm0p00_val_rmse_pu.csv
State-space: Edge gated + rotor wake,rolling_origin_no_refit,10,100,0.1443835145506844,0.09476571675865084,experiment/artifacts/scratch/world_model_state_space_v1/edge_gating_2x2_20260423_residual_farm0p00_val_rmse/train_outputs/gated_sum_rotor_units_wake_farm0p00_val_rmse_pu.csv
State-space: Edge gated + rotor wake,rolling_origin_no_refit,11,110,0.14819499242324685,0.09748776482367594,experiment/artifacts/scratch/world_model_state_space_v1/edge_gating_2x2_20260423_residual_farm0p00_val_rmse/train_outputs/gated_sum_rotor_units_wake_farm0p00_val_rmse_pu.csv
State-space: Edge gated + rotor wake,rolling_origin_no_refit,12,120,0.1517420512745942,0.10011004189552095,experiment/artifacts/scratch/world_model_state_space_v1/edge_gating_2x2_20260423_residual_farm0p00_val_rmse/train_outputs/gated_sum_rotor_units_wake_farm0p00_val_rmse_pu.csv
State-space: Edge gated + rotor wake,rolling_origin_no_refit,13,130,0.1552762625878538,0.10273525178203628,experiment/artifacts/scratch/world_model_state_space_v1/edge_gating_2x2_20260423_residual_farm0p00_val_rmse/train_outputs/gated_sum_rotor_units_wake_farm0p00_val_rmse_pu.csv
State-space: Edge gated + rotor wake,rolling_origin_no_refit,14,140,0.15849002148120278,0.10496754028052972,experiment/artifacts/scratch/world_model_state_space_v1/edge_gating_2x2_20260423_residual_farm0p00_val_rmse/train_outputs/gated_sum_rotor_units_wake_farm0p00_val_rmse_pu.csv
State-space: Edge gated + rotor wake,rolling_origin_no_refit,15,150,0.16177663207899676,0.10735901092128558,experiment/artifacts/scratch/world_model_state_space_v1/edge_gating_2x2_20260423_residual_farm0p00_val_rmse/train_outputs/gated_sum_rotor_units_wake_farm0p00_val_rmse_pu.csv
State-space: Edge gated + rotor wake,rolling_origin_no_refit,16,160,0.16492172291392884,0.10964000392725186,experiment/artifacts/scratch/world_model_state_space_v1/edge_gating_2x2_20260423_residual_farm0p00_val_rmse/train_outputs/gated_sum_rotor_units_wake_farm0p00_val_rmse_pu.csv
State-space: Edge gated + rotor wake,rolling_origin_no_refit,17,170,0.16789529748412985,0.11197396901212707,experiment/artifacts/scratch/world_model_state_space_v1/edge_gating_2x2_20260423_residual_farm0p00_val_rmse/train_outputs/gated_sum_rotor_units_wake_farm0p00_val_rmse_pu.csv
State-space: Edge gated + rotor wake,rolling_origin_no_refit,18,180,0.1708180740246809,0.1141698073667736,experiment/artifacts/scratch/world_model_state_space_v1/edge_gating_2x2_20260423_residual_farm0p00_val_rmse/train_outputs/gated_sum_rotor_units_wake_farm0p00_val_rmse_pu.csv
State-space: Edge gated + rotor wake,rolling_origin_no_refit,19,190,0.17373551544162358,0.11632044281535939,experiment/artifacts/scratch/world_model_state_space_v1/edge_gating_2x2_20260423_residual_farm0p00_val_rmse/train_outputs/gated_sum_rotor_units_wake_farm0p00_val_rmse_pu.csv
State-space: Edge gated + rotor wake,rolling_origin_no_refit,20,200,0.176435053107721,0.11836029705118874,experiment/artifacts/scratch/world_model_state_space_v1/edge_gating_2x2_20260423_residual_farm0p00_val_rmse/train_outputs/gated_sum_rotor_units_wake_farm0p00_val_rmse_pu.csv
State-space: Edge gated + rotor wake,rolling_origin_no_refit,21,210,0.17909080078061437,0.12025581578294382,experiment/artifacts/scratch/world_model_state_space_v1/edge_gating_2x2_20260423_residual_farm0p00_val_rmse/train_outputs/gated_sum_rotor_units_wake_farm0p00_val_rmse_pu.csv
State-space: Edge gated + rotor wake,rolling_origin_no_refit,22,220,0.1817324280029995,0.12237086450950141,experiment/artifacts/scratch/world_model_state_space_v1/edge_gating_2x2_20260423_residual_farm0p00_val_rmse/train_outputs/gated_sum_rotor_units_wake_farm0p00_val_rmse_pu.csv
State-space: Edge gated + rotor wake,rolling_origin_no_refit,23,230,0.1841197976609271,0.12428418779103005,experiment/artifacts/scratch/world_model_state_space_v1/edge_gating_2x2_20260423_residual_farm0p00_val_rmse/train_outputs/gated_sum_rotor_units_wake_farm0p00_val_rmse_pu.csv
State-space: Edge gated + rotor wake,rolling_origin_no_refit,24,240,0.18655450085114447,0.1262314493669709,experiment/artifacts/scratch/world_model_state_space_v1/edge_gating_2x2_20260423_residual_farm0p00_val_rmse/train_outputs/gated_sum_rotor_units_wake_farm0p00_val_rmse_pu.csv
State-space: Edge gated + rotor wake,rolling_origin_no_refit,25,250,0.18904830837579462,0.1281750574814872,experiment/artifacts/scratch/world_model_state_space_v1/edge_gating_2x2_20260423_residual_farm0p00_val_rmse/train_outputs/gated_sum_rotor_units_wake_farm0p00_val_rmse_pu.csv
State-space: Edge gated + rotor wake,rolling_origin_no_refit,26,260,0.19137571968151343,0.12987601855538886,experiment/artifacts/scratch/world_model_state_space_v1/edge_gating_2x2_20260423_residual_farm0p00_val_rmse/train_outputs/gated_sum_rotor_units_wake_farm0p00_val_rmse_pu.csv
State-space: Edge gated + rotor wake,rolling_origin_no_refit,27,270,0.19351356832872002,0.13167181648102932,experiment/artifacts/scratch/world_model_state_space_v1/edge_gating_2x2_20260423_residual_farm0p00_val_rmse/train_outputs/gated_sum_rotor_units_wake_farm0p00_val_rmse_pu.csv
State-space: Edge gated + rotor wake,rolling_origin_no_refit,28,280,0.19569330537930565,0.13339410479834876,experiment/artifacts/scratch/world_model_state_space_v1/edge_gating_2x2_20260423_residual_farm0p00_val_rmse/train_outputs/gated_sum_rotor_units_wake_farm0p00_val_rmse_pu.csv
State-space: Edge gated + rotor wake,rolling_origin_no_refit,29,290,0.19760301933648652,0.13471438808526903,experiment/artifacts/scratch/world_model_state_space_v1/edge_gating_2x2_20260423_residual_farm0p00_val_rmse/train_outputs/gated_sum_rotor_units_wake_farm0p00_val_rmse_pu.csv
State-space: Edge gated + rotor wake,rolling_origin_no_refit,30,300,0.19986828435153603,0.13654613938466095,experiment/artifacts/scratch/world_model_state_space_v1/edge_gating_2x2_20260423_residual_farm0p00_val_rmse/train_outputs/gated_sum_rotor_units_wake_farm0p00_val_rmse_pu.csv
State-space: Edge gated + rotor wake,rolling_origin_no_refit,31,310,0.20164132035556384,0.13785574442804435,experiment/artifacts/scratch/world_model_state_space_v1/edge_gating_2x2_20260423_residual_farm0p00_val_rmse/train_outputs/gated_sum_rotor_units_wake_farm0p00_val_rmse_pu.csv
State-space: Edge gated + rotor wake,rolling_origin_no_refit,32,320,0.20369755943286516,0.13937237283463763,experiment/artifacts/scratch/world_model_state_space_v1/edge_gating_2x2_20260423_residual_farm0p00_val_rmse/train_outputs/gated_sum_rotor_units_wake_farm0p00_val_rmse_pu.csv
State-space: Edge gated + rotor wake,rolling_origin_no_refit,33,330,0.20552265490454757,0.14086603392456107,experiment/artifacts/scratch/world_model_state_space_v1/edge_gating_2x2_20260423_residual_farm0p00_val_rmse/train_outputs/gated_sum_rotor_units_wake_farm0p00_val_rmse_pu.csv
State-space: Edge gated + rotor wake,rolling_origin_no_refit,34,340,0.2074094717400307,0.14230476025534794,experiment/artifacts/scratch/world_model_state_space_v1/edge_gating_2x2_20260423_residual_farm0p00_val_rmse/train_outputs/gated_sum_rotor_units_wake_farm0p00_val_rmse_pu.csv
State-space: Edge gated + rotor wake,rolling_origin_no_refit,35,350,0.20918032650057253,0.14363531136668556,experiment/artifacts/scratch/world_model_state_space_v1/edge_gating_2x2_20260423_residual_farm0p00_val_rmse/train_outputs/gated_sum_rotor_units_wake_farm0p00_val_rmse_pu.csv
State-space: Edge gated + rotor wake,rolling_origin_no_refit,36,360,0.2108718499778421,0.14491220037600813,experiment/artifacts/scratch/world_model_state_space_v1/edge_gating_2x2_20260423_residual_farm0p00_val_rmse/train_outputs/gated_sum_rotor_units_wake_farm0p00_val_rmse_pu.csv
State-space: Edge gated + rotor wake,non_overlap,1,10,0.07340777279422708,0.04570149511155918,experiment/artifacts/scratch/world_model_state_space_v1/edge_gating_2x2_20260423_residual_farm0p00_val_rmse/train_outputs/gated_sum_rotor_units_wake_farm0p00_val_rmse_pu.csv
State-space: Edge gated + rotor wake,non_overlap,2,20,0.09495537556361038,0.059094317832208226,experiment/artifacts/scratch/world_model_state_space_v1/edge_gating_2x2_20260423_residual_farm0p00_val_rmse/train_outputs/gated_sum_rotor_units_wake_farm0p00_val_rmse_pu.csv
State-space: Edge gated + rotor wake,non_overlap,3,30,0.10480795936587245,0.06561868482039115,experiment/artifacts/scratch/world_model_state_space_v1/edge_gating_2x2_20260423_residual_farm0p00_val_rmse/train_outputs/gated_sum_rotor_units_wake_farm0p00_val_rmse_pu.csv
State-space: Edge gated + rotor wake,non_overlap,4,40,0.11296673467254391,0.07205183410839133,experiment/artifacts/scratch/world_model_state_space_v1/edge_gating_2x2_20260423_residual_farm0p00_val_rmse/train_outputs/gated_sum_rotor_units_wake_farm0p00_val_rmse_pu.csv
State-space: Edge gated + rotor wake,non_overlap,5,50,0.11874047184122732,0.076638878581248,experiment/artifacts/scratch/world_model_state_space_v1/edge_gating_2x2_20260423_residual_farm0p00_val_rmse/train_outputs/gated_sum_rotor_units_wake_farm0p00_val_rmse_pu.csv
State-space: Edge gated + rotor wake,non_overlap,6,60,0.12537968459086024,0.08153387148136312,experiment/artifacts/scratch/world_model_state_space_v1/edge_gating_2x2_20260423_residual_farm0p00_val_rmse/train_outputs/gated_sum_rotor_units_wake_farm0p00_val_rmse_pu.csv
State-space: Edge gated + rotor wake,non_overlap,7,70,0.12985316646740977,0.08438845326953112,experiment/artifacts/scratch/world_model_state_space_v1/edge_gating_2x2_20260423_residual_farm0p00_val_rmse/train_outputs/gated_sum_rotor_units_wake_farm0p00_val_rmse_pu.csv
State-space: Edge gated + rotor wake,non_overlap,8,80,0.13355218569196234,0.08763978443255299,experiment/artifacts/scratch/world_model_state_space_v1/edge_gating_2x2_20260423_residual_farm0p00_val_rmse/train_outputs/gated_sum_rotor_units_wake_farm0p00_val_rmse_pu.csv
State-space: Edge gated + rotor wake,non_overlap,9,90,0.13680140891417633,0.0902577709331219,experiment/artifacts/scratch/world_model_state_space_v1/edge_gating_2x2_20260423_residual_farm0p00_val_rmse/train_outputs/gated_sum_rotor_units_wake_farm0p00_val_rmse_pu.csv
State-space: Edge gated + rotor wake,non_overlap,10,100,0.1411256317441287,0.09374872713648041,experiment/artifacts/scratch/world_model_state_space_v1/edge_gating_2x2_20260423_residual_farm0p00_val_rmse/train_outputs/gated_sum_rotor_units_wake_farm0p00_val_rmse_pu.csv
State-space: Edge gated + rotor wake,non_overlap,11,110,0.14970040346973965,0.0985030867549101,experiment/artifacts/scratch/world_model_state_space_v1/edge_gating_2x2_20260423_residual_farm0p00_val_rmse/train_outputs/gated_sum_rotor_units_wake_farm0p00_val_rmse_pu.csv
State-space: Edge gated + rotor wake,non_overlap,12,120,0.15289154412198067,0.10098604260563113,experiment/artifacts/scratch/world_model_state_space_v1/edge_gating_2x2_20260423_residual_farm0p00_val_rmse/train_outputs/gated_sum_rotor_units_wake_farm0p00_val_rmse_pu.csv
State-space: Edge gated + rotor wake,non_overlap,13,130,0.15482400708924648,0.10286828906940597,experiment/artifacts/scratch/world_model_state_space_v1/edge_gating_2x2_20260423_residual_farm0p00_val_rmse/train_outputs/gated_sum_rotor_units_wake_farm0p00_val_rmse_pu.csv
State-space: Edge gated + rotor wake,non_overlap,14,140,0.15798067131151788,0.10454574575217139,experiment/artifacts/scratch/world_model_state_space_v1/edge_gating_2x2_20260423_residual_farm0p00_val_rmse/train_outputs/gated_sum_rotor_units_wake_farm0p00_val_rmse_pu.csv
State-space: Edge gated + rotor wake,non_overlap,15,150,0.1603985390517646,0.10656867935631,experiment/artifacts/scratch/world_model_state_space_v1/edge_gating_2x2_20260423_residual_farm0p00_val_rmse/train_outputs/gated_sum_rotor_units_wake_farm0p00_val_rmse_pu.csv
State-space: Edge gated + rotor wake,non_overlap,16,160,0.16161110148076896,0.1082712767002781,experiment/artifacts/scratch/world_model_state_space_v1/edge_gating_2x2_20260423_residual_farm0p00_val_rmse/train_outputs/gated_sum_rotor_units_wake_farm0p00_val_rmse_pu.csv
State-space: Edge gated + rotor wake,non_overlap,17,170,0.16633492731715518,0.11057121390901611,experiment/artifacts/scratch/world_model_state_space_v1/edge_gating_2x2_20260423_residual_farm0p00_val_rmse/train_outputs/gated_sum_rotor_units_wake_farm0p00_val_rmse_pu.csv
State-space: Edge gated + rotor wake,non_overlap,18,180,0.16928680466900978,0.11239918210609556,experiment/artifacts/scratch/world_model_state_space_v1/edge_gating_2x2_20260423_residual_farm0p00_val_rmse/train_outputs/gated_sum_rotor_units_wake_farm0p00_val_rmse_pu.csv
State-space: Edge gated + rotor wake,non_overlap,19,190,0.1718354010783151,0.11494000850260946,experiment/artifacts/scratch/world_model_state_space_v1/edge_gating_2x2_20260423_residual_farm0p00_val_rmse/train_outputs/gated_sum_rotor_units_wake_farm0p00_val_rmse_pu.csv
State-space: Edge gated + rotor wake,non_overlap,20,200,0.17455304421272297,0.11658313029402707,experiment/artifacts/scratch/world_model_state_space_v1/edge_gating_2x2_20260423_residual_farm0p00_val_rmse/train_outputs/gated_sum_rotor_units_wake_farm0p00_val_rmse_pu.csv
State-space: Edge gated + rotor wake,non_overlap,21,210,0.17666670958682235,0.11825302370557292,experiment/artifacts/scratch/world_model_state_space_v1/edge_gating_2x2_20260423_residual_farm0p00_val_rmse/train_outputs/gated_sum_rotor_units_wake_farm0p00_val_rmse_pu.csv
State-space: Edge gated + rotor wake,non_overlap,22,220,0.17980879270636904,0.12082940941724575,experiment/artifacts/scratch/world_model_state_space_v1/edge_gating_2x2_20260423_residual_farm0p00_val_rmse/train_outputs/gated_sum_rotor_units_wake_farm0p00_val_rmse_pu.csv
State-space: Edge gated + rotor wake,non_overlap,23,230,0.1807643933919181,0.12121741086629154,experiment/artifacts/scratch/world_model_state_space_v1/edge_gating_2x2_20260423_residual_farm0p00_val_rmse/train_outputs/gated_sum_rotor_units_wake_farm0p00_val_rmse_pu.csv
State-space: Edge gated + rotor wake,non_overlap,24,240,0.18340546951242695,0.12354638794054436,experiment/artifacts/scratch/world_model_state_space_v1/edge_gating_2x2_20260423_residual_farm0p00_val_rmse/train_outputs/gated_sum_rotor_units_wake_farm0p00_val_rmse_pu.csv
State-space: Edge gated + rotor wake,non_overlap,25,250,0.18827266839653214,0.1272997608570937,experiment/artifacts/scratch/world_model_state_space_v1/edge_gating_2x2_20260423_residual_farm0p00_val_rmse/train_outputs/gated_sum_rotor_units_wake_farm0p00_val_rmse_pu.csv
State-space: Edge gated + rotor wake,non_overlap,26,260,0.18758410025425104,0.1278559452087566,experiment/artifacts/scratch/world_model_state_space_v1/edge_gating_2x2_20260423_residual_farm0p00_val_rmse/train_outputs/gated_sum_rotor_units_wake_farm0p00_val_rmse_pu.csv
State-space: Edge gated + rotor wake,non_overlap,27,270,0.19298669137281307,0.1318042159727348,experiment/artifacts/scratch/world_model_state_space_v1/edge_gating_2x2_20260423_residual_farm0p00_val_rmse/train_outputs/gated_sum_rotor_units_wake_farm0p00_val_rmse_pu.csv
State-space: Edge gated + rotor wake,non_overlap,28,280,0.19511064087328822,0.1328795177489424,experiment/artifacts/scratch/world_model_state_space_v1/edge_gating_2x2_20260423_residual_farm0p00_val_rmse/train_outputs/gated_sum_rotor_units_wake_farm0p00_val_rmse_pu.csv
State-space: Edge gated + rotor wake,non_overlap,29,290,0.197776466836753,0.1346069107104352,experiment/artifacts/scratch/world_model_state_space_v1/edge_gating_2x2_20260423_residual_farm0p00_val_rmse/train_outputs/gated_sum_rotor_units_wake_farm0p00_val_rmse_pu.csv
State-space: Edge gated + rotor wake,non_overlap,30,300,0.19944003875975339,0.13647444771052564,experiment/artifacts/scratch/world_model_state_space_v1/edge_gating_2x2_20260423_residual_farm0p00_val_rmse/train_outputs/gated_sum_rotor_units_wake_farm0p00_val_rmse_pu.csv
State-space: Edge gated + rotor wake,non_overlap,31,310,0.20068186046544814,0.13697543311969976,experiment/artifacts/scratch/world_model_state_space_v1/edge_gating_2x2_20260423_residual_farm0p00_val_rmse/train_outputs/gated_sum_rotor_units_wake_farm0p00_val_rmse_pu.csv
State-space: Edge gated + rotor wake,non_overlap,32,320,0.20234746546576965,0.1384629684522276,experiment/artifacts/scratch/world_model_state_space_v1/edge_gating_2x2_20260423_residual_farm0p00_val_rmse/train_outputs/gated_sum_rotor_units_wake_farm0p00_val_rmse_pu.csv
State-space: Edge gated + rotor wake,non_overlap,33,330,0.20488379147997915,0.14028258056679593,experiment/artifacts/scratch/world_model_state_space_v1/edge_gating_2x2_20260423_residual_farm0p00_val_rmse/train_outputs/gated_sum_rotor_units_wake_farm0p00_val_rmse_pu.csv
State-space: Edge gated + rotor wake,non_overlap,34,340,0.20526612457466237,0.14110382219378867,experiment/artifacts/scratch/world_model_state_space_v1/edge_gating_2x2_20260423_residual_farm0p00_val_rmse/train_outputs/gated_sum_rotor_units_wake_farm0p00_val_rmse_pu.csv
State-space: Edge gated + rotor wake,non_overlap,35,350,0.2080499612317595,0.1429049006765052,experiment/artifacts/scratch/world_model_state_space_v1/edge_gating_2x2_20260423_residual_farm0p00_val_rmse/train_outputs/gated_sum_rotor_units_wake_farm0p00_val_rmse_pu.csv
State-space: Edge gated + rotor wake,non_overlap,36,360,0.20905805717175344,0.1436193178507656,experiment/artifacts/scratch/world_model_state_space_v1/edge_gating_2x2_20260423_residual_farm0p00_val_rmse/train_outputs/gated_sum_rotor_units_wake_farm0p00_val_rmse_pu.csv
